ma_id,formula,Eh
ma-80ed28,LiBr,-0.003672365
ma-b29c2e,LiI,-0.003061147
ma-f67b52,LiBr,-0.002631228
ma-47039a,LiBr,-0.002588513
ma-914df9,LiBr,-0.002345151
ma-209014,LiBr,-0.002241988
ma-825c08,LiBr,-0.002092491
ma-e6159e,LiI,-0.001831118
ma-f92dc4,LiBr,-0.00173561
ma-fd7f37,LiBr,-0.001709449
ma-7e7e4b,LiBr,-0.001576281
ma-d88367,LiBr,-0.001557631
ma-239c3a,LiBr,-0.001521164
ma-d08fca,LiBr,-0.001512554
ma-689174,NaI,-0.001331393
ma-84ecdd,LiBr,-0.001162716
ma-f66843,LiBr,-0.001159323
ma-94ee2b,LiBr,-0.001077451
ma-e8d98d,NaI,-0.000863176
ma-9c9d3b,LiBr,-0.000839349
ma-930360,KI,-0.000819378
ma-143eda,NaI,-0.000797602
ma-c5f9cb,NaI,-0.000781422
ma-614556,KI,-0.000761811
ma-e13213,NaI,-0.000761103
ma-4e6ac4,KI,-0.000756178
ma-012227,NaI,-0.000754465
ma-5c8262,LiI,-0.000749109
ma-b356cb,NaI,-0.000746153
ma-d7a6eb,NaI,-0.000737437
ma-8838f9,NaI,-0.00070439
ma-61daf3,NaI,-0.000698601
ma-d08614,KI,-0.000693591
ma-4ac816,NaI,-0.000672741
ma-c8cf7e,NaI,-0.00066639
ma-490ac0,LiBr,-0.000660421
ma-3a02d3,LiBr,-0.000611081
ma-107aba,KI,-0.000603493
ma-f23776,NaI,-0.000598939
ma-ae92d2,NaI,-0.000577943
ma-e18e16,KI,-0.000574591
ma-895c44,NaI,-0.000571935
ma-4dd5eb,LiBr,-0.000569616
ma-d86f4d,KI,-0.000568901
ma-f73f3b,NaCl,-0.000557952
ma-63d467,NaI,-0.000536008
ma-d58325,KI,-0.0005262
ma-96ab28,NaCl,-0.000515183
ma-6dfd4e,NaI,-0.000508543
ma-a7dd62,KI,-0.00050116
ma-e86df8,NaI,-0.000499621
ma-06e226,NaCl,-0.000481331
ma-96947b,NaI,-0.000473631
ma-705205,KI,-0.000456011
ma-3323ec,LiBr,-0.000455291
ma-53491f,NaI,-0.000439391
ma-21a8e7,KBr,-0.000436903
ma-b37d6e,NaI,-0.000414539
ma-81bfd1,NaI,-0.000407461
ma-02e30d,NaI,-0.000386298
ma-8d9601,NaI,-0.000381028
ma-34aa85,NaI,-0.000376783
ma-01f1ab,LiI,-0.000370337
ma-641bd0,NaI,-0.000354533
ma-25e30d,KI,-0.000345134
ma-cef3fe,KI,-0.000339175
ma-ba6a1e,LiBr,-0.000331663
ma-d4c153,NaI,-0.000291685
ma-3ca363,LiBr,-0.000284475
ma-162010,KI,-0.000266634
ma-fa6468,NaI,-0.000261461
ma-9a11b0,NaBr,-0.000260173
ma-92bb42,NaI,-0.000244387
ma-83d4e1,KI,-0.000241544
ma-e17ec7,KI,-0.000239961
ma-0f12ba,KI,-0.000227549
ma-f402e1,NaI,-0.00017228
ma-e07a2c,NaBr,-0.000169381
ma-04c6a0,NaBr,-0.000162574
ma-3f7965,NaBr,-0.000133244
ma-d5547e,KBr,-0.00012031
ma-c50306,NaI,-0.000113401
ma-f52309,NaBr,-0.000104709
ma-d8e736,KI,-0.000101303
ma-219a5c,KI,-9.56E-05
ma-b6fb2b,KI,-9.27E-05
ma-7abf38,NaBr,-7.56E-05
ma-c286db,NaI,-7.23E-05
ma-abc63c,NaI,-6.21E-05
ma-29947e,LiI,-5.71E-05
ma-95b7c1,NaBr,-5.63E-06
ma-5e1fa4,NaBr,3.19E-06
ma-9f69b6,NaI,2.32E-05
ma-406d99,NaBr,4.19E-05
ma-f1309e,LiI,4.29E-05
ma-66e658,KI,5.75E-05
ma-4572b3,NaI,6.28E-05
ma-ca5ab8,NaBr,7.23E-05
ma-2a4f16,KI,7.61E-05
ma-208465,KI,0.000113556
ma-fef379,NaI,0.000134188
ma-d1fe6c,NaI,0.000142442
ma-ca12ae,NaBr,0.000144
ma-f95510,NaI,0.000156314
ma-598dc2,LiBr,0.000184975
ma-25d32b,NaCl,0.000214447
ma-72946c,KI,0.000238387
ma-f2366b,NaBr,0.000251825
ma-f5122b,NaI,0.000254871
ma-16807c,KI,0.000259649
ma-f252df,KI,0.00026098
ma-b9eba2,KI,0.000283857
ma-00d635,KBr,0.000283931
ma-449113,KI,0.000290415
ma-fb9c94,KI,0.000335241
ma-30c5d4,NaI,0.000385717
ma-565cf2,NaCl,0.000397517
ma-fe1882,LiI,0.00041783
ma-71d020,NaI,0.000434934
ma-54fe11,LiBr,0.000439326
ma-7eba56,LiI,0.000449039
ma-d356f4,NaI,0.000456534
ma-5dfc35,NaI,0.000467184
ma-368848,KI,0.000467709
ma-26fac2,NaCl,0.000475189
ma-294f46,NaI,0.000486249
ma-63c764,LiBr,0.000499365
ma-7ae87c,KI,0.000525381
ma-6892d6,KI,0.000532629
ma-67ade0,KCl,0.000534241
ma-b0cc86,NaI,0.000564065
ma-2699d0,NaCl,0.00058776
ma-d65716,NaCl,0.000702036
ma-5ee9ce,LiI,0.000706357
ma-aa0c17,KI,0.000732607
ma-be3c8c,NaBr,0.000737124
ma-e72e5f,KI,0.000772731
ma-04c40e,NaI,0.000795149
ma-972b8c,KBr,0.000815987
ma-a72021,KI,0.000825677
ma-e0969b,KI,0.000832045
ma-ff77d9,NaI,0.000839447
ma-cfd37f,NaI,0.000859329
ma-28bb0b,NaCl,0.000881139
ma-b5c445,NaI,0.00092328
ma-d8afd2,NaI,0.000924186
ma-4fbce4,KI,0.000951531
ma-958992,LiBr,0.00098094
ma-fa1516,LiBr,0.000993069
ma-63b1fc,KBr,0.00100175
ma-cc3e96,NaCl,0.001026025
ma-2652e1,KI,0.001028535
ma-c38c12,NaBr,0.001094251
ma-276bc2,NaI,0.001095412
ma-e842fa,NaI,0.001108519
ma-bd3311,KI,0.001120154
ma-357ba7,NaI,0.001127669
ma-1e1ba8,LiBr,0.001132565
ma-277272,LiBr,0.00114192
ma-30fad1,KI,0.001143255
ma-e3ac11,NaBr,0.001146994
ma-76528e,LiBr,0.001174725
ma-2032f8,LiBr,0.00117994
ma-26041f,NaBr,0.001190591
ma-1dbcb1,NaI,0.001197341
ma-1ee877,KI,0.001311241
ma-b460ea,NaI,0.001319627
ma-9aed44,KI,0.00133568
ma-38a6b5,KI,0.001401875
ma-5697f3,NaBr,0.001415286
ma-9175c0,NaI,0.00141872
ma-ed5561,NaI,0.00143135
ma-f6ac1a,KI,0.001442924
ma-bf6cbf,NaI,0.001454937
ma-bc6da2,KI,0.001468504
ma-d81613,KI,0.001478435
ma-39942e,KI,0.00151448
ma-29c4e1,KI,0.001517422
ma-6189ca,NaI,0.001536395
ma-f8fa92,NaI,0.001597736
ma-6a38cb,LiBr,0.00162543
ma-34ccee,NaI,0.001652532
ma-16eb40,NaBr,0.001664227
ma-5e79c1,NaI,0.001710485
ma-0700fe,LiBr,0.001725887
ma-762ef2,LiBr,0.001741267
ma-4f11bb,LiBr,0.001760362
ma-2131e0,LiBr,0.001852819
ma-896e69,LiBr,0.001878567
ma-9f202c,KI,0.001890797
ma-be7a80,KI,0.001929145
ma-0bfb9d,LiBr,0.001940728
ma-a2e95d,LiBr,0.001945711
ma-94cc53,NaBr,0.001965735
ma-6a9ed8,LiBr,0.002001776
ma-264c3e,KI,0.002020945
ma-4fe546,KI,0.0020249
ma-04806a,LiBr,0.002028748
ma-7d0308,KBr,0.002037824
ma-21409b,NaBr,0.002058876
ma-395557,NaCl,0.002061918
ma-aa5627,LiBr,0.00210795
ma-cd259f,KI,0.002171885
ma-801a08,NaI,0.00218728
ma-da8352,NaI,0.002213467
ma-5961fc,NaI,0.002249457
ma-714aed,KI,0.002264836
ma-6c3341,KI,0.002290709
ma-31dd3f,LiBr,0.002312747
ma-c6aaee,KI,0.002364744
ma-648afc,NaBr,0.002451922
ma-e26603,NaI,0.002460637
ma-9dd559,NaI,0.002473101
ma-94d7ea,LiBr,0.002490516
ma-c6ae14,LiBr,0.0025178
ma-89faa1,NaI,0.002545036
ma-97e46f,LiBr,0.002547864
ma-2634a2,LiBr,0.002604393
ma-226e9c,NaI,0.002624176
ma-263b26,NaBr,0.002654681
ma-3f96be,NaI,0.002742455
ma-d6d03e,LiBr,0.002779577
ma-a36e4a,NaI,0.002786396
ma-cecf8e,KI,0.002818935
ma-003938,LiBr,0.002820588
ma-8c7bd2,LiI,0.002822237
ma-e4ce92,KI,0.002827532
ma-cd2d3a,LiBr,0.002850612
ma-a6f9d5,NaI,0.002940426
ma-24014d,NaBr,0.002947536
ma-07da7b,NaCl,0.002963916
ma-50117b,NaI,0.002973636
ma-852d28,NaBr,0.002978178
ma-165b03,KI,0.002991941
ma-788373,LiBr,0.003002202
ma-89c9ab,NaI,0.003008548
ma-9e2e1b,KI,0.003029862
ma-133538,KBr,0.003043044
ma-53677d,LiI,0.003064529
ma-a06ac1,NaI,0.003079616
ma-62f949,NaI,0.00310555
ma-c27c39,NaI,0.003129214
ma-0f12e2,NaI,0.003130375
ma-782bf0,KBr,0.003139091
ma-e6870a,LiBr,0.003154255
ma-4e4b1b,LiBr,0.003164263
ma-ede298,LiBr,0.0031948
ma-ea29e8,NaI,0.003196186
ma-56b0b5,NaI,0.003284291
ma-b22d7a,LiBr,0.003285909
ma-2434ea,KI,0.003343923
ma-b6537d,LiBr,0.003413667
ma-507208,NaI,0.003492047
ma-2a3b7d,KI,0.00350659
ma-f2d49a,LiBr,0.003583362
ma-a9d5e2,NaI,0.003681845
ma-15db2a,NaI,0.003691076
ma-11c758,LiBr,0.00371193
ma-97b03c,LiBr,0.003716605
ma-1e5758,LiBr,0.003768437
ma-3de051,LiBr,0.003819068
ma-efbbdb,KI,0.003856672
ma-3ecfaf,LiBr,0.003949177
ma-217391,LiBr,0.003971839
ma-ce278b,LiBr,0.003975128
ma-650aa2,LiBr,0.003985049
ma-d36615,LiI,0.00402931
ma-10ca93,KI,0.004036032
ma-ab0733,KI,0.004043149
ma-96f8cf,LiBr,0.004068515
ma-6b836b,LiBr,0.004220367
ma-182c20,NaI,0.004250635
ma-a99637,LiBr,0.004316385
ma-6fe8ee,LiBr,0.004321082
ma-dac8f9,LiBr,0.004322248
ma-bebd61,LiBr,0.004348546
ma-597e80,KI,0.004394724
ma-1eef00,NaBr,0.004441902
ma-cfd51d,LiBr,0.004647297
ma-5d755f,LiBr,0.004721276
ma-e75a68,LiI,0.004735059
ma-e0e1e9,KI,0.004754569
ma-21d9c5,NaI,0.004780384
ma-b4a137,LiBr,0.00481821
ma-50d16e,LiBr,0.004882363
ma-5fd689,LiBr,0.004972997
ma-e58608,LiBr,0.005055343
ma-18b9f4,LiBr,0.005077282
ma-2441a0,LiBr,0.00510537
ma-2f0ce4,LiBr,0.005125562
ma-78c7e9,LiI,0.005146792
ma-3e884e,LiBr,0.00518692
ma-f45bb2,LiBr,0.005231561
ma-45aba4,LiBr,0.005342109
ma-4ad0c3,KI,0.00535637
ma-f0d459,LiBr,0.005429617
ma-a4bb4e,LiBr,0.005431183
ma-ac5b49,LiBr,0.005565018
ma-e8e102,NaI,0.005606345
ma-0f79e1,LiBr,0.005615687
ma-e10f77,LiBr,0.005633842
ma-c0487a,LiBr,0.005706997
ma-9370f1,LiBr,0.005710341
ma-68cec9,LiBr,0.005755076
ma-835add,LiBr,0.005774682
ma-0cc14a,LiBr,0.005778452
ma-5e50a2,LiBr,0.00579682
ma-43cbd7,LiBr,0.005835084
ma-502287,LiBr,0.005853496
ma-f417c1,LiBr,0.005874957
ma-14169b,KI,0.005886684
ma-9e6c15,LiBr,0.005929436
ma-302525,LiBr,0.005948257
ma-1bc834,LiBr,0.006026303
ma-cf62a6,LiBr,0.006053573
ma-668372,NaI,0.00608861
ma-9989c3,NaI,0.006108297
ma-17cd99,LiBr,0.006118275
ma-05267b,LiBr,0.006128811
ma-b848d4,NaI,0.006160059
ma-65b3a6,LiI,0.006184529
ma-380765,LiBr,0.006193027
ma-98027a,LiI,0.006224491
ma-3d8086,LiI,0.006249726
ma-a476f6,LiBr,0.006365455
ma-ae6543,KBr,0.006414253
ma-7b97af,LiI,0.006423478
ma-92fbd6,LiBr,0.006438399
ma-ea57fc,LiI,0.006495996
ma-c09fc2,LiI,0.006592752
ma-c60fe9,LiBr,0.006600959
ma-e6e435,LiBr,0.006612562
ma-e17bf2,NaI,0.006655351
ma-b11008,KI,0.006712515
ma-48cda3,LiBr,0.006742025
ma-86392a,LiI,0.006766435
ma-807933,LiI,0.006855132
ma-df9eb6,LiI,0.006864199
ma-7014a6,LiBr,0.006892207
ma-85cec2,LiBr,0.006950943
ma-298a2c,LiBr,0.006995132
ma-d8eec7,KI,0.007072846
ma-956800,LiI,0.007078802
ma-0d16a3,LiBr,0.00708639
ma-2f651c,LiI,0.007089482
ma-c1251b,LiBr,0.007127053
ma-e81345,LiBr,0.007127117
ma-a7da02,LiI,0.00724358
ma-4ba831,LiBr,0.007282171
ma-2c1814,LiBr,0.007422489
ma-30c417,LiBr,0.007605887
ma-4f3f5b,LiBr,0.007606703
ma-d1d63c,LiBr,0.00762182
ma-e837eb,LiBr,0.00765206
ma-c0fc15,LiBr,0.007762482
ma-b9def1,LiBr,0.007914872
ma-3b6094,NaI,0.007983785
ma-cd3708,LiBr,0.008112284
ma-a1d4de,LiBr,0.008149157
ma-a3a91b,LiI,0.008598573
ma-e20a6d,LiBr,0.008650572
ma-bde12a,LiBr,0.008800471
ma-b4c64c,LiI,0.009028393
ma-696e75,LiI,0.009083088
ma-0bbc93,LiBr,0.009090324
ma-74bf12,LiBr,0.009122781
ma-3a3333,LiBr,0.009582998
ma-19a89b,LiBr,0.009587764
ma-d98c15,LiBr,0.00971367
ma-02051a,NaI,0.009736987
ma-27f050,NaI,0.009872174
ma-819fee,LiBr,0.009885739
ma-e06404,LiBr,0.009897627
ma-1c0c99,LiBr,0.009910014
ma-da4157,LiBr,0.010054645
ma-56cff1,LiI,0.010080807
ma-5001a6,NaI,0.010383411
ma-b00cb8,NaI,0.010393399
ma-8329ff,NaI,0.010462582
ma-f2726f,LiBr,0.010518837
ma-5f02de,LiI,0.01052179
ma-ce4ea3,NaI,0.010540641
ma-7db648,LiBr,0.010572864
ma-d9c877,NaI,0.010658016
ma-b3f8d1,NaI,0.010685409
ma-e674d2,NaI,0.010695089
ma-d3b8e4,NaI,0.010699475
ma-155768,NaI,0.010729908
ma-577a33,NaI,0.01074477
ma-2cdd93,NaI,0.010793814
ma-55a695,NaI,0.010859727
ma-084c7a,NaI,0.0108722
ma-a2b38f,NaI,0.010915559
ma-57f4b7,LiI,0.010937692
ma-582062,NaI,0.010949684
ma-3fa8ac,LiBr,0.011107298
ma-16c783,NaI,0.011168922
ma-8097cb,LiBr,0.011188036
ma-e6b9f3,LiBr,0.011236311
ma-7cbc6d,NaI,0.011267499
ma-7554a3,NaI,0.0112838
ma-a4045c,NaI,0.011294372
ma-12a7d0,NaI,0.011299607
ma-afafa6,KI,0.011303546
ma-c52e76,NaI,0.011344304
ma-2ec8bc,NaI,0.011371029
ma-7ee038,LiI,0.01138381
ma-ff6656,NaI,0.011418719
ma-3988e1,NaI,0.01148419
ma-c60595,LiI,0.011501761
ma-f5b807,NaI,0.011545527
ma-676ac0,NaI,0.011555767
ma-77cd58,LiI,0.011615533
ma-092a00,NaI,0.011664474
ma-18a2f7,NaI,0.011677246
ma-083f1d,NaI,0.011692175
ma-9f704d,LiBr,0.011761759
ma-cb16a2,NaI,0.011855667
ma-87c426,NaI,0.011865136
ma-a29c21,LiI,0.011869113
ma-c2b39b,LiBr,0.011884321
ma-458f1f,NaI,0.011905916
ma-cae9d7,LiBr,0.011937231
ma-ac5b1c,NaI,0.011951586
ma-0d5a00,NaI,0.012014852
ma-a00304,NaI,0.01204273
ma-4e7f84,NaI,0.012075989
ma-fcb0ff,NaI,0.012091272
ma-0c5cc2,NaI,0.012220246
ma-a51b32,NaI,0.012366618
ma-f588d7,NaI,0.012378009
ma-eb7712,LiI,0.012502598
ma-3e605c,NaI,0.012583946
ma-eb6d12,NaI,0.01259554
ma-4c01d8,LiI,0.012606923
ma-6cefd5,LiI,0.012686739
ma-8567d9,NaI,0.012710776
ma-5950e9,LiBr,0.012746794
ma-373c93,LiBr,0.012801796
ma-3e4b7b,LiBr,0.012857272
ma-a3643f,LiI,0.012901742
ma-f220aa,LiI,0.012949633
ma-978118,LiBr,0.013011018
ma-d3683f,LiI,0.013133447
ma-3b42d0,NaI,0.013344579
ma-a6f944,LiBr,0.013401921
ma-3c5664,LiBr,0.01341374
ma-3d4b4a,LiBr,0.013428312
ma-c5330a,LiI,0.01345021
ma-29f0fd,LiI,0.013535209
ma-de6326,LiBr,0.01359408
ma-18cb36,LiBr,0.013749479
ma-43f29d,LiI,0.013911781
ma-80295f,NaI,0.014112287
ma-a39fce,LiI,0.014129033
ma-2ab8ac,LiI,0.014180039
ma-56ad58,NaI,0.014226716
ma-d92ca7,NaI,0.014302426
ma-3c70a3,LiI,0.014314777
ma-0479cd,NaI,0.014348312
ma-fd781e,LiBr,0.014430054
ma-38e778,LiI,0.014447344
ma-f2f539,LiBr,0.014478347
ma-f071ed,LiBr,0.014495531
ma-06555e,NaI,0.014607155
ma-91d1da,LiBr,0.014608465
ma-8ac971,LiBr,0.014625559
ma-5cb375,NaI,0.014673415
ma-14dbc1,NaI,0.014797596
ma-01200c,LiBr,0.014868391
ma-a9a6f6,NaI,0.014900255
ma-3703e8,LiBr,0.014901735
ma-3ce0cf,LiI,0.01491567
ma-fa7729,LiBr,0.014933054
ma-975567,LiI,0.014951375
ma-5e15f4,LiBr,0.014976491
ma-928c79,LiBr,0.01507325
ma-606bc2,LiI,0.015086874
ma-82d303,LiBr,0.015158607
ma-83d1a0,LiBr,0.01526544
ma-c23627,LiBr,0.015266321
ma-c8236b,NaI,0.015317631
ma-5ee6cb,NaI,0.015331556
ma-d0646f,LiI,0.015452847
ma-8e6ac8,LiBr,0.015501526
ma-3ccc16,NaI,0.015590114
ma-a7d6dc,LiI,0.015638086
ma-170660,NaI,0.01574288
ma-9a67fd,NaI,0.015913511
ma-48cfc9,LiBr,0.015975827
ma-e24177,LiBr,0.01600137
ma-35eabc,LiI,0.016156279
ma-8c6f3a,LiBr,0.01619375
ma-1c56bb,LiBr,0.016214179
ma-0f93ad,NaI,0.016270495
ma-3b8820,LiBr,0.01650315
ma-557075,LiBr,0.016634419
ma-20adaa,LiBr,0.016647461
ma-bce0fd,LiI,0.016852286
ma-299b68,LiI,0.016860132
ma-5e8641,LiBr,0.01686459
ma-b9cbe1,LiBr,0.016943098
ma-ef227e,LiI,0.017011738
ma-674d02,LiI,0.017091499
ma-c340ba,LiBr,0.017107059
ma-6921fc,LiI,0.017219619
ma-fca3ca,LiBr,0.017254705
ma-bfaff5,NaI,0.01733135
ma-dc775a,LiBr,0.01737139
ma-942805,LiBr,0.017496481
ma-bbbf8b,LiI,0.017511087
ma-c38fa8,LiBr,0.017544837
ma-68ba71,LiBr,0.017705786
ma-1ab7d7,LiBr,0.017733342
ma-5a3f0f,LiBr,0.018118059
ma-7fea8e,KI,0.01833057
ma-03b47b,LiBr,0.018342007
ma-87350d,LiI,0.018348638
ma-014676,KI,0.018359892
ma-b48f18,LiBr,0.01844424
ma-78a63e,KI,0.01853354
ma-17e415,KI,0.018570017
ma-066722,KI,0.01857466
ma-5ffd74,KI,0.018623252
ma-dc81c5,LiBr,0.018628664
ma-3c6a95,LiBr,0.018663076
ma-107851,KI,0.018710752
ma-437b1b,LiCl,0.018848462
ma-5885d1,NaBr,0.018956439
ma-971e9a,NaBr,0.018970657
ma-0aca60,LiI,0.018986286
ma-216f6c,KI,0.019024477
ma-762305,NaBr,0.019025417
ma-a2c8d6,NaBr,0.019053469
ma-66a8d8,KI,0.019061745
ma-36eada,KI,0.019070891
ma-e1a59d,KI,0.019109581
ma-4c0e37,KI,0.019156779
ma-fdcfd5,NaI,0.019169171
ma-0fb689,KI,0.019173387
ma-437500,NaBr,0.019193006
ma-49befb,KI,0.019244759
ma-901d40,KI,0.019262317
ma-89f844,KI,0.019287379
ma-62d487,KI,0.019302695
ma-5351a2,NaBr,0.019369697
ma-d60926,KI,0.019374079
ma-fd0fa7,KI,0.019397735
ma-edd8e6,NaBr,0.019405946
ma-12bf66,KI,0.01941559
ma-6842b8,LiBr,0.019421631
ma-145c1b,NaBr,0.019430496
ma-04976f,NaBr,0.019439304
ma-9a7f73,LiBr,0.019485984
ma-ce5d32,NaI,0.019517676
ma-8ceab2,NaBr,0.019521166
ma-f460eb,LiBr,0.019524754
ma-043214,LiI,0.019551732
ma-1fc723,LiBr,0.019650538
ma-a72e95,KI,0.019718161
ma-58211f,KI,0.019728749
ma-a69c4c,NaBr,0.019775012
ma-849263,NaI,0.019861611
ma-d0907f,LiI,0.019918364
ma-d4bb9f,LiBr,0.019981561
ma-2b4691,NaBr,0.019994855
ma-c8c9ed,LiBr,0.020006751
ma-409eeb,LiBr,0.020100373
ma-5be288,LiBr,0.020101081
ma-826ddc,NaI,0.020147396
ma-1d9ed0,KI,0.020167761
ma-26bb63,LiI,0.020239117
ma-a89b96,NaBr,0.020277367
ma-f1ee0d,KI,0.020304984
ma-fc5d5b,NaBr,0.02045287
ma-17bd3d,LiI,0.020496681
ma-853ca2,KI,0.020515327
ma-314809,LiI,0.02054025
ma-1cc411,LiI,0.020640757
ma-2de368,NaBr,0.020672831
ma-db23a8,KI,0.020786667
ma-b0f143,KI,0.020796004
ma-24c1d5,LiI,0.020809222
ma-b6bc6b,LiBr,0.021026861
ma-0aeb3b,LiBr,0.02103544
ma-8207f0,NaBr,0.021054987
ma-514b42,LiBr,0.021111151
ma-b9df46,LiBr,0.021246669
ma-fb7f51,NaBr,0.021310641
ma-bb5220,KI,0.02136631
ma-db765b,LiI,0.021385481
ma-5ade4c,LiBr,0.021538042
ma-bd6169,LiI,0.02164145
ma-e4fc55,KI,0.021691932
ma-670e65,LiI,0.021833951
ma-a8da54,KI,0.021906082
ma-a147b9,LiI,0.021950607
ma-68f731,LiI,0.022129391
ma-a7861f,LiBr,0.022129599
ma-4b3d8f,LiI,0.022201339
ma-8f378e,KI,0.022279499
ma-39c794,LiI,0.022317114
ma-ca2082,LiBr,0.022320636
ma-cad586,LiI,0.02237845
ma-22c349,LiI,0.022395385
ma-aad76f,LiI,0.022425156
ma-5f6626,KI,0.022427556
ma-dbb602,LiI,0.022458023
ma-e901ff,LiI,0.02246554
ma-c8ed13,LiI,0.022534287
ma-d21660,LiBr,0.022549022
ma-24a2d6,LiBr,0.022569696
ma-0fbbda,KI,0.022581929
ma-fde032,LiBr,0.022686881
ma-a426c8,LiBr,0.022702287
ma-71c190,LiI,0.022726366
ma-f89116,LiI,0.022769807
ma-47b5c6,LiBr,0.022830332
ma-0d29ff,LiI,0.022977778
ma-794837,LiBr,0.022998158
ma-7cad91,LiBr,0.023071542
ma-2ac6b1,LiBr,0.023140726
ma-7cec83,LiI,0.02315459
ma-254438,LiBr,0.023165861
ma-4b3eed,LiBr,0.023180402
ma-6177aa,LiI,0.023235175
ma-fce06c,LiBr,0.023292905
ma-7051cd,LiBr,0.023300042
ma-e1291a,LiI,0.023305183
ma-3da238,LiBr,0.023569824
ma-f7debf,LiBr,0.023573228
ma-3e5df0,LiI,0.023630636
ma-3fb252,LiI,0.023754562
ma-887182,LiBr,0.023762401
ma-d9935d,LiBr,0.023776384
ma-dbc480,LiBr,0.023940621
ma-690245,LiI,0.023991286
ma-cf89c0,LiBr,0.024005231
ma-d3e0f4,LiBr,0.024044456
ma-9c5ee0,LiI,0.024062325
ma-b1d5b5,LiBr,0.024077121
ma-0bb459,LiI,0.024103078
ma-c68a0f,KBr,0.02411472
ma-f0543a,LiI,0.024149066
ma-f8ccee,LiBr,0.024197422
ma-f4adb6,LiBr,0.024218502
ma-6af0cf,LiI,0.024245946
ma-dcd11b,LiBr,0.024304571
ma-9d9962,LiI,0.024318744
ma-84d717,LiBr,0.024320927
ma-d8983a,LiBr,0.024411992
ma-c23dc5,LiBr,0.024416791
ma-44a916,LiBr,0.02443965
ma-edc2d3,LiBr,0.024469799
ma-5363a4,LiBr,0.024498369
ma-e42b5c,LiBr,0.024498425
ma-f6fd02,LiI,0.024545614
ma-8fef4a,LiBr,0.024568494
ma-6d65f5,LiBr,0.024601261
ma-93f357,LiBr,0.024628606
ma-bb7e35,LiI,0.024631447
ma-3ac036,LiBr,0.024662002
ma-614ad6,LiBr,0.024685071
ma-7232fa,LiBr,0.02469177
ma-148397,LiI,0.024699652
ma-e605d6,LiBr,0.024747385
ma-af6b6e,LiBr,0.024761284
ma-fa84fe,KI,0.024783469
ma-23b844,LiBr,0.024784166
ma-18b9d9,KI,0.024826976
ma-6944b8,LiBr,0.024854399
ma-ec2251,LiBr,0.024873111
ma-3c829d,LiBr,0.024890597
ma-b88e8a,LiBr,0.024954642
ma-57c069,LiBr,0.024973223
ma-224b93,LiBr,0.024994556
ma-5671df,LiBr,0.025015921
ma-bce961,LiBr,0.025019587
ma-584960,LiBr,0.025027413
ma-b8b852,LiI,0.025041099
ma-9b38eb,KBr,0.025060749
ma-15ddb4,LiBr,0.02508305
ma-36b056,LiBr,0.025111569
ma-c87afc,LiBr,0.025115707
ma-9def71,KBr,0.025124571
ma-ccc4f7,LiBr,0.02516487
ma-30024f,LiBr,0.025170462
ma-43410e,LiBr,0.025178607
ma-9a48cd,LiBr,0.025208591
ma-1d4036,LiBr,0.025212599
ma-3e2cf1,LiBr,0.025221093
ma-b9dcf1,LiBr,0.025233603
ma-b0d94c,LiBr,0.025283611
ma-e051ab,LiBr,0.025293499
ma-65276d,NaI,0.025297154
ma-26a87e,LiBr,0.025302867
ma-47ad33,LiI,0.025303233
ma-eaa8c2,NaI,0.02532021
ma-faa355,LiBr,0.025334337
ma-53052e,LiBr,0.025354501
ma-bb15fd,LiBr,0.025355302
ma-eb0a30,LiBr,0.025377371
ma-0bbac8,LiBr,0.025393776
ma-e9b4a3,LiBr,0.02539487
ma-0841c5,LiBr,0.025398916
ma-d1491f,LiBr,0.025411006
ma-94ff59,LiI,0.025414549
ma-8ece96,LiBr,0.025415975
ma-8c2128,LiBr,0.025417552
ma-fd36b3,LiBr,0.025431083
ma-2e567e,LiBr,0.025437672
ma-315c61,LiBr,0.025438693
ma-d35364,LiBr,0.025452631
ma-e5e6fd,LiBr,0.025456247
ma-d40f43,LiBr,0.025457652
ma-66a7e1,LiBr,0.025486131
ma-ff26f8,LiBr,0.025515172
ma-96abb8,NaI,0.025517562
ma-deaa65,LiBr,0.025530768
ma-444d7e,LiBr,0.025531368
ma-91c7c1,LiBr,0.025535809
ma-0fddab,LiBr,0.025549064
ma-d88e10,LiBr,0.02555857
ma-566ccc,LiBr,0.025568651
ma-95ac47,LiBr,0.025597774
ma-2ba9fa,LiBr,0.025605094
ma-040bcf,LiBr,0.025609867
ma-dd1fb8,LiBr,0.025612359
ma-cc9d57,LiBr,0.025613851
ma-7ab5e7,LiBr,0.025630281
ma-f4df2c,LiBr,0.025666198
ma-cbf246,LiBr,0.025670774
ma-e338c8,LiBr,0.025676751
ma-227955,LiBr,0.025681737
ma-74c594,LiBr,0.025691735
ma-f31a00,LiBr,0.025701915
ma-a91f8b,LiBr,0.0257057
ma-2318c5,LiI,0.025755397
ma-ea6bbc,NaI,0.025755708
ma-8cffc4,LiBr,0.02575755
ma-1180b6,LiBr,0.025757964
ma-bfcf9f,LiBr,0.025763436
ma-f494a7,LiBr,0.025788032
ma-5cc9b8,LiI,0.025789286
ma-809bf6,LiBr,0.025806676
ma-b55200,LiBr,0.025839575
ma-52021e,LiCl,0.025853261
ma-fc1f2a,LiBr,0.025854908
ma-718cf8,LiBr,0.025857516
ma-442f62,LiBr,0.025876322
ma-346c5e,LiBr,0.025894291
ma-b5a063,LiBr,0.025895867
ma-7a543e,LiBr,0.025904378
ma-8fa453,LiBr,0.025912205
ma-91cad3,NaI,0.025957667
ma-c70b26,LiBr,0.025962572
ma-47ee64,LiBr,0.025988427
ma-ce8a54,LiBr,0.025988616
ma-9a9297,LiI,0.026006983
ma-cb8993,LiCl,0.026019755
ma-e1e0ce,LiBr,0.026029215
ma-802a9e,LiBr,0.026044001
ma-4f50ed,LiBr,0.026055151
ma-17c3b9,LiBr,0.026055756
ma-6d7d5d,LiI,0.026074026
ma-cf8f61,LiBr,0.026080696
ma-9db055,LiBr,0.026085232
ma-213eff,LiBr,0.026085381
ma-307697,LiBr,0.026100381
ma-6fe9c6,LiBr,0.02612298
ma-26336c,LiBr,0.026128611
ma-614d90,LiBr,0.02612867
ma-c42a93,LiBr,0.026155403
ma-d6d661,LiBr,0.02621898
ma-18663b,LiBr,0.026230575
ma-8a2af9,LiBr,0.02623725
ma-891776,LiBr,0.026245212
ma-94dcdd,LiBr,0.026245678
ma-6ad8aa,LiBr,0.026256215
ma-589c90,NaI,0.02625876
ma-974d15,LiBr,0.026262996
ma-89f30b,LiI,0.026264893
ma-faa280,LiBr,0.026296793
ma-c24fa3,NaI,0.026302865
ma-686078,LiBr,0.026314063
ma-4d40c3,LiBr,0.026320332
ma-d505c0,LiBr,0.026336105
ma-b09e47,LiBr,0.02634163
ma-027d4b,LiI,0.026354548
ma-85a794,LiBr,0.026357437
ma-5f8159,LiBr,0.02639613
ma-65364e,LiBr,0.026403397
ma-43a515,LiBr,0.026408256
ma-7d65e7,KBr,0.026414526
ma-cf2aba,LiI,0.026439858
ma-d03d17,LiBr,0.026446282
ma-3b8057,NaI,0.026451604
ma-fc12b8,LiBr,0.026478662
ma-b913c1,LiBr,0.02648903
ma-968434,LiBr,0.026499315
ma-faf673,LiI,0.026518904
ma-19e8c0,NaI,0.026530501
ma-b668b8,LiBr,0.026551317
ma-a1daf4,LiBr,0.026564035
ma-286ea6,LiBr,0.026578065
ma-5acbd1,LiBr,0.026578533
ma-0c24fd,LiBr,0.026579632
ma-595a95,LiBr,0.026582366
ma-484118,LiBr,0.026595446
ma-05de51,LiBr,0.026610812
ma-d2bd62,LiBr,0.026616665
ma-e23fe1,LiBr,0.026646598
ma-3ce612,LiBr,0.026670965
ma-04fac9,LiBr,0.026688056
ma-761678,LiI,0.02671321
ma-0710b4,LiI,0.026742747
ma-1ee492,LiBr,0.026793226
ma-196052,LiI,0.026794419
ma-6391e5,LiBr,0.02679555
ma-afbb93,LiBr,0.026811028
ma-7c76dd,LiBr,0.026813127
ma-336578,LiI,0.026819814
ma-00762d,LiBr,0.026845104
ma-9d8134,LiBr,0.026854289
ma-5d3978,LiBr,0.02687273
ma-4733c7,LiBr,0.026889407
ma-dd3c73,LiBr,0.026892006
ma-ddde85,LiBr,0.026897272
ma-29efae,LiBr,0.026899172
ma-63d213,LiBr,0.026906009
ma-0be2fd,LiBr,0.026927293
ma-586b10,LiBr,0.026930863
ma-05d1d0,LiBr,0.026933713
ma-d93673,LiBr,0.026961557
ma-2c0563,LiBr,0.026984904
ma-5d2dac,LiBr,0.026990852
ma-997c8c,LiBr,0.027013135
ma-84359a,LiI,0.027014736
ma-bc4626,LiBr,0.027032616
ma-260e54,LiBr,0.027036581
ma-e0217a,LiBr,0.027047307
ma-a3579f,LiI,0.027052441
ma-40fda7,LiBr,0.027076245
ma-9ca148,LiBr,0.027082343
ma-506a6f,LiBr,0.027094681
ma-02b5b9,LiBr,0.027129012
ma-d6683b,LiBr,0.027148687
ma-cecdc0,LiBr,0.027168705
ma-77bd99,LiI,0.02717215
ma-d19b99,LiBr,0.027178689
ma-d8614b,NaI,0.027202911
ma-469390,LiI,0.027243202
ma-273685,LiBr,0.027257737
ma-addc16,LiBr,0.027274404
ma-f7b00c,LiI,0.027280116
ma-593c7b,LiBr,0.027286479
ma-22c7b6,LiBr,0.027302762
ma-a4b6e2,LiBr,0.027305195
ma-ba1191,LiBr,0.027314402
ma-90b17c,LiBr,0.027323272
ma-8c7edc,LiBr,0.027328233
ma-c839e4,LiBr,0.027332466
ma-186b73,LiBr,0.027333799
ma-3c0781,LiBr,0.027349049
ma-db81c0,LiBr,0.027352634
ma-57fe02,LiBr,0.027363567
ma-62ed78,LiBr,0.027368459
ma-a2dc9a,LiBr,0.02740218
ma-56d7c3,LiBr,0.027411109
ma-5a8566,LiBr,0.027438089
ma-faeff8,LiBr,0.027441499
ma-b8c3c9,LiBr,0.027458062
ma-59a541,LiBr,0.027478332
ma-455ab9,LiBr,0.027482875
ma-f22cac,LiBr,0.027487749
ma-12531a,LiI,0.027498446
ma-000bf4,LiBr,0.027546044
ma-fd2424,LiBr,0.027551215
ma-a80c93,LiBr,0.027552364
ma-eadc30,NaI,0.027553254
ma-a1c47b,LiBr,0.027554148
ma-0471f2,LiBr,0.027560815
ma-68dedb,LiBr,0.027574436
ma-403d49,NaI,0.027584655
ma-37ac39,LiBr,0.027587496
ma-9d28fe,LiBr,0.027590138
ma-9469fe,LiBr,0.027594894
ma-02ed04,LiBr,0.027608946
ma-381f22,LiBr,0.027653961
ma-99ed12,LiBr,0.027678504
ma-060a57,LiBr,0.027689723
ma-9f0e74,LiBr,0.027691892
ma-70425d,LiBr,0.027717716
ma-71adc3,LiBr,0.027745977
ma-b3f5f6,LiBr,0.027763158
ma-67e85a,LiBr,0.027817975
ma-692b9f,LiBr,0.027818002
ma-1fbced,LiBr,0.027820947
ma-0389e8,LiI,0.027835889
ma-548ed3,LiBr,0.02786164
ma-6a4367,LiI,0.027890283
ma-d44f54,LiI,0.027918414
ma-baf2d2,LiBr,0.027919454
ma-8e96bf,LiBr,0.027947209
ma-b14614,LiBr,0.027962751
ma-7a8856,NaI,0.027986766
ma-7d0dc1,LiBr,0.02799075
ma-f2a5bc,LiBr,0.027991385
ma-fb3a8e,LiI,0.028022091
ma-46ca09,LiBr,0.028041432
ma-c4667f,NaI,0.028049706
ma-226e8d,LiBr,0.028049957
ma-256752,LiBr,0.028088783
ma-ebdde8,LiBr,0.02814291
ma-cb3b70,LiBr,0.028147712
ma-2aa87c,NaI,0.028150044
ma-bec81c,NaBr,0.028169648
ma-e84f26,LiBr,0.028266577
ma-090347,LiBr,0.028281822
ma-aa6ebd,LiBr,0.028355211
ma-70d706,LiBr,0.028356707
ma-290867,LiBr,0.028356749
ma-5d635c,LiBr,0.028371657
ma-fcfdca,LiI,0.028412993
ma-af0ee5,LiBr,0.028423015
ma-58a269,LiBr,0.028458049
ma-138f60,LiBr,0.028476462
ma-55a09c,LiBr,0.028498036
ma-5740e1,LiBr,0.028504044
ma-2fac1b,LiBr,0.028517186
ma-c5db01,LiBr,0.028518056
ma-cd80af,LiBr,0.028534032
ma-d1bb1e,LiI,0.02855558
ma-0aba72,LiBr,0.028599891
ma-2244b2,LiBr,0.028617655
ma-7545cd,LiBr,0.028634631
ma-ee49d0,NaI,0.028634637
ma-8c892f,LiBr,0.028645145
ma-b09da9,LiI,0.028726684
ma-497bc5,LiBr,0.02872867
ma-18d672,LiBr,0.02874326
ma-c39e8a,LiBr,0.028757994
ma-8d2692,LiBr,0.028798564
ma-ac2ca5,LiBr,0.028823602
ma-caa3cd,LiBr,0.028839327
ma-59126d,LiBr,0.028868882
ma-392ad0,LiBr,0.028920617
ma-6f0345,LiBr,0.028949715
ma-3c17a3,LiBr,0.028976229
ma-aadd8f,LiI,0.028990826
ma-cac417,LiBr,0.029083309
ma-85c480,NaBr,0.029127453
ma-4fb350,NaI,0.029135439
ma-929b6d,LiBr,0.029139085
ma-ab9cbe,LiI,0.029172518
ma-91749b,LiBr,0.029220353
ma-d765af,LiBr,0.029302616
ma-1a06de,LiBr,0.0293294
ma-b2805d,NaBr,0.0293319
ma-9683d5,LiBr,0.029519704
ma-756325,LiBr,0.029532552
ma-f1fd0f,LiBr,0.029537914
ma-9e6826,NaBr,0.029561237
ma-f344d1,LiI,0.029719786
ma-839043,LiCl,0.02977842
ma-1b1e52,NaBr,0.02996277
ma-a6f31d,LiBr,0.029990932
ma-328a7d,LiBr,0.030028865
ma-32aa5c,I,0.030030194
ma-6a2f0f,LiBr,0.030217611
ma-79ccc2,LiBr,0.030227995
ma-cab9fa,LiBr,0.030361105
ma-9f84c4,LiI,0.030406247
ma-c02d1e,LiBr,0.03040938
ma-f72663,LiBr,0.030420882
ma-bad5b9,LiBr,0.030446361
ma-d46429,LiBr,0.030509616
ma-9f7214,NaI,0.03058487
ma-acdb1c,NaBr,0.030598111
ma-819973,LiBr,0.030649221
ma-893ff0,LiBr,0.030686593
ma-87640b,LiBr,0.030708644
ma-18b054,LiBr,0.03073861
ma-775de9,NaBr,0.030742934
ma-486915,LiBr,0.030823772
ma-9a1167,LiBr,0.030839514
ma-9506f6,NaI,0.030849382
ma-dc0418,LiBr,0.030872278
ma-a31de6,LiCl,0.030889192
ma-2477d8,LiBr,0.030971893
ma-d87ed3,LiBr,0.031018786
ma-d2e80e,LiI,0.031085849
ma-ffa976,LiI,0.031151716
ma-6b23df,LiBr,0.031178401
ma-a24e48,LiBr,0.031328573
ma-971c82,LiBr,0.031337127
ma-875a42,NaI,0.031357056
ma-a0a4cb,LiI,0.031377978
ma-5594c6,LiBr,0.031431481
ma-7321f9,NaBr,0.031508716
ma-22a681,LiBr,0.031701562
ma-795960,LiI,0.031751009
ma-0a1d2d,LiBr,0.031751972
ma-e584ad,NaI,0.031824929
ma-4cd007,LiBr,0.031908022
ma-d9ed19,LiBr,0.031912629
ma-9672d8,LiI,0.031933066
ma-36685f,LiI,0.032020274
ma-420250,KI,0.032088971
ma-552f7f,LiBr,0.032111066
ma-dcd6f1,LiI,0.032120966
ma-ab089f,KI,0.032202461
ma-5c5ff9,LiBr,0.032219925
ma-12d685,LiBr,0.03229159
ma-2789fd,LiI,0.032300412
ma-acaa2c,LiBr,0.032316418
ma-ac1824,LiBr,0.032394511
ma-e22252,LiBr,0.032463097
ma-169eea,LiBr,0.032476285
ma-4da22b,LiBr,0.032564187
ma-e6e9fe,LiBr,0.032603884
ma-2b69db,LiI,0.032606977
ma-02cd62,LiBr,0.032668331
ma-ce826c,LiBr,0.032702512
ma-e3dc7b,LiBr,0.03271611
ma-80a007,KI,0.032749607
ma-64df99,LiI,0.032751298
ma-63e3ad,LiBr,0.032773931
ma-07cc1b,LiI,0.032823029
ma-1f1961,LiBr,0.032837655
ma-a2f311,LiBr,0.032866045
ma-7e8d89,LiI,0.032870409
ma-948b19,LiBr,0.03289581
ma-37559f,LiBr,0.03294143
ma-8e3cec,LiBr,0.03294279
ma-b60b2e,LiBr,0.032964311
ma-453fc3,LiI,0.033025099
ma-3ea58f,LiBr,0.033038282
ma-745485,LiBr,0.033156809
ma-11c5c8,KBr,0.033257322
ma-26f26d,LiBr,0.033287793
ma-d6440c,LiI,0.033297432
ma-0a85ba,LiI,0.033310244
ma-5c865e,NaI,0.033328099
ma-7b34b3,LiBr,0.033330817
ma-a60ea1,LiBr,0.033336859
ma-1f7a1e,LiI,0.033337828
ma-ca8ed9,LiI,0.03336328
ma-17072e,LiI,0.03338399
ma-09b1ee,LiBr,0.033387787
ma-7321c1,KI,0.033402992
ma-656564,LiBr,0.033420753
ma-39d395,LiBr,0.033520495
ma-50742c,KI,0.033522046
ma-814f94,LiBr,0.033527042
ma-89a1c0,LiBr,0.033530481
ma-e03b87,LiBr,0.033531321
ma-959d5a,LiI,0.033532658
ma-9a7e77,LiBr,0.033570269
ma-a649c0,LiI,0.033574993
ma-6e9658,LiBr,0.033581203
ma-c5cfd4,LiI,0.033585095
ma-0b4714,LiBr,0.033597214
ma-bf4b12,LiBr,0.033631652
ma-188da4,LiBr,0.033634976
ma-7d8336,LiI,0.033640684
ma-03406c,LiBr,0.033641506
ma-ccd7bd,LiBr,0.033652238
ma-9010a4,LiBr,0.033666452
ma-a86f16,KBr,0.033668691
ma-f2f2a7,LiI,0.033703393
ma-24eafd,LiI,0.033768071
ma-d8b6b8,LiBr,0.033772383
ma-b23846,LiI,0.033797815
ma-40d093,LiI,0.03380118
ma-1b88fa,KBr,0.03380963
ma-1fa299,LiBr,0.033813139
ma-e766fb,LiBr,0.033899659
ma-be692f,LiBr,0.033922465
ma-42ec1d,LiBr,0.033922758
ma-8cc61f,LiBr,0.033924575
ma-71bbcd,KI,0.033931377
ma-491cf3,LiBr,0.033937676
ma-154e27,LiI,0.03400156
ma-0f94da,LiBr,0.034003697
ma-3d7c0c,LiBr,0.034005625
ma-db4113,LiBr,0.034028429
ma-268f7e,LiI,0.034032137
ma-21e2ce,LiI,0.034072339
ma-fa8ac4,LiBr,0.034073505
ma-ca1f51,LiI,0.034078418
ma-a4a519,LiBr,0.034082976
ma-131874,LiBr,0.034094247
ma-1fa758,LiBr,0.034095191
ma-e40719,LiBr,0.034108294
ma-82a8ee,LiBr,0.034144654
ma-2fb8ab,LiBr,0.034161478
ma-0457c6,LiI,0.03416211
ma-cb446d,LiBr,0.034197054
ma-0117a0,LiBr,0.034209672
ma-7c2e8f,LiBr,0.034224452
ma-7eed33,LiBr,0.034234807
ma-b69134,LiI,0.034239473
ma-58c449,LiBr,0.034246521
ma-59205e,KI,0.034246815
ma-668a24,LiBr,0.034247142
ma-c4fb29,LiBr,0.034255014
ma-a9eb9f,LiBr,0.034257169
ma-743944,LiBr,0.034270889
ma-c02d58,LiI,0.034278546
ma-5d7263,KI,0.034283715
ma-7d58a6,LiI,0.034286042
ma-3fad5c,LiBr,0.034290779
ma-8a702f,LiI,0.034300329
ma-2bd598,LiBr,0.034342016
ma-e3670a,LiBr,0.034362118
ma-cb3003,LiBr,0.034366942
ma-d0d040,LiBr,0.034394645
ma-54a80c,LiBr,0.034404412
ma-70f973,LiBr,0.034424186
ma-f112c7,LiBr,0.034424916
ma-a990f0,LiBr,0.034427362
ma-45cf29,LiI,0.034455408
ma-03e0f8,LiI,0.03445581
ma-957cc3,LiI,0.034495004
ma-ea0ce8,LiBr,0.03452926
ma-7e54f7,LiI,0.03453889
ma-8ab69f,LiI,0.034538981
ma-eda4b4,LiI,0.03454414
ma-89cb86,LiBr,0.034552175
ma-d0206a,LiI,0.034559718
ma-b018f9,LiBr,0.034574763
ma-40c4a6,LiBr,0.034583886
ma-f5591c,LiBr,0.034589034
ma-2d8dc4,LiI,0.034610828
ma-412a43,LiBr,0.034686356
ma-4b86de,LiI,0.034687206
ma-37d1cb,LiBr,0.034687777
ma-252c9a,LiI,0.034696897
ma-7fcbd0,LiI,0.034697661
ma-a0e282,LiBr,0.034710019
ma-5c233b,LiI,0.03471616
ma-56085c,LiI,0.034717565
ma-fa9aae,LiI,0.034742185
ma-f70ce9,KI,0.034754202
ma-4a3bce,LiBr,0.034764526
ma-382e76,LiBr,0.034767125
ma-f7df0a,LiBr,0.034771651
ma-00a754,LiI,0.034788217
ma-0c6e5a,LiI,0.034792441
ma-5c54c5,LiBr,0.034810214
ma-0da0c6,LiBr,0.034839284
ma-dc1efd,LiI,0.034863901
ma-68edaa,LiBr,0.034878222
ma-74814a,LiI,0.034897704
ma-38ba49,LiBr,0.0349517
ma-b7c982,LiI,0.034960544
ma-6e155d,LiI,0.034989209
ma-a67425,LiI,0.035000403
ma-3b88af,LiBr,0.035000973
ma-2b4fe3,LiI,0.03501278
ma-7fb6fe,LiBr,0.035018756
ma-e6bd57,LiBr,0.035022127
ma-d0d6ea,LiBr,0.035032905
ma-46515b,LiBr,0.035049721
ma-0fa012,LiBr,0.035129984
ma-b75be8,LiI,0.035130399
ma-ffb2e0,LiI,0.035142129
ma-339fe5,LiBr,0.035149357
ma-10ddd7,LiI,0.035159765
ma-0099c2,LiI,0.035196188
ma-867408,KI,0.035250854
ma-bf7bff,LiI,0.035276923
ma-353bee,LiI,0.03530658
ma-905c31,LiBr,0.035321799
ma-9097e2,LiI,0.035322832
ma-3eac51,LiI,0.035356814
ma-a619b0,LiBr,0.035357856
ma-e43c3a,LiI,0.03538125
ma-c343c6,LiBr,0.035384008
ma-c05570,LiI,0.035391453
ma-4cb3e0,LiBr,0.035399054
ma-0f64a2,LiBr,0.035444827
ma-48da59,LiBr,0.035457406
ma-9e09c0,LiBr,0.035475362
ma-a10ea4,LiI,0.035483522
ma-88c4d4,NaBr,0.035507917
ma-1857ed,LiI,0.035516328
ma-e5fe71,LiI,0.035547967
ma-8eb5cd,LiI,0.035555421
ma-9232ce,LiBr,0.035566627
ma-39bc39,LiBr,0.035594762
ma-fd576f,LiBr,0.035648503
ma-dcfcd9,LiBr,0.035659774
ma-d5b813,LiI,0.035666844
ma-646ff1,LiI,0.035667054
ma-79a943,LiBr,0.035697751
ma-f24b7c,LiI,0.035733076
ma-c6c9a6,LiBr,0.035754967
ma-1bdd31,LiBr,0.035762487
ma-53c123,LiBr,0.035786483
ma-4fb6a5,LiI,0.035871715
ma-8b8040,LiI,0.035876669
ma-ecb01e,LiI,0.035880368
ma-794bc8,LiBr,0.035880772
ma-021750,LiBr,0.035891855
ma-d33cf3,LiBr,0.035897166
ma-6bf0da,KBr,0.03591384
ma-acd404,LiI,0.035926957
ma-00998f,LiI,0.0359504
ma-aa517e,LiBr,0.035958899
ma-5bf8d4,LiI,0.035993361
ma-fd119f,LiI,0.036006212
ma-da4905,LiI,0.036009354
ma-c7caf0,LiBr,0.036114844
ma-ffe421,LiBr,0.036146904
ma-116d0a,LiBr,0.036171334
ma-cebc00,LiI,0.036190195
ma-242b96,LiBr,0.036198767
ma-3f850a,LiI,0.036210368
ma-62df93,LiBr,0.036214363
ma-b15ff4,LiI,0.036220169
ma-56b71f,LiBr,0.036220496
ma-473d7f,LiI,0.036227665
ma-817695,LiBr,0.036231877
ma-3c601a,LiI,0.036259218
ma-92ba48,LiI,0.036288
ma-f483b6,LiBr,0.036315679
ma-8a5e48,LiI,0.036316169
ma-42a8c1,LiBr,0.036327802
ma-43b453,LiI,0.036378581
ma-25650e,LiI,0.036389308
ma-22337f,LiI,0.03639104
ma-9be1ca,LiI,0.036401374
ma-eca990,LiBr,0.03640602
ma-6cd826,LiBr,0.03642257
ma-2010a2,KI,0.036422932
ma-1d2485,LiBr,0.036435679
ma-5b5f69,LiI,0.036450759
ma-325a5f,LiBr,0.036453726
ma-865cce,LiBr,0.036502057
ma-976f21,LiBr,0.036525336
ma-5d20a3,LiBr,0.03653629
ma-bc3933,LiI,0.036559198
ma-f95594,KI,0.036564977
ma-6412bb,LiI,0.036574742
ma-d181f0,LiI,0.036598543
ma-ecc663,LiI,0.036609114
ma-72b444,LiBr,0.036622844
ma-9114e3,LiBr,0.036627464
ma-a01838,NaI,0.036634954
ma-9e7f34,LiBr,0.03663507
ma-e91103,LiBr,0.036647164
ma-753e1d,LiI,0.036665494
ma-127ad8,KI,0.03666764
ma-a73360,LiBr,0.036696449
ma-024e66,LiI,0.036740054
ma-efc908,KI,0.036746581
ma-275197,LiBr,0.03675311
ma-ad01f0,LiI,0.036776702
ma-3101ff,LiBr,0.036779016
ma-bcc660,LiI,0.036791325
ma-21259b,LiBr,0.036794261
ma-2c5c83,LiI,0.036823399
ma-34fd32,LiBr,0.036836402
ma-3b4992,LiBr,0.036841947
ma-d10a0e,LiBr,0.036845277
ma-596815,LiBr,0.036920412
ma-1664f7,LiI,0.036921479
ma-c91e13,LiBr,0.036933176
ma-e9b047,LiBr,0.036942676
ma-43a410,NaI,0.036957608
ma-7ed826,LiBr,0.036983814
ma-bffb80,LiBr,0.037003218
ma-e50d34,LiBr,0.037003544
ma-c3d684,LiBr,0.037027547
ma-cd6c8a,NaI,0.037032452
ma-18d250,LiBr,0.037045578
ma-3093e6,LiI,0.037070914
ma-64330e,LiI,0.037075818
ma-aaa6ed,LiBr,0.037082578
ma-f4a27d,LiBr,0.037091639
ma-149e99,LiBr,0.037096546
ma-b7872e,LiBr,0.03711303
ma-5aa6fd,LiBr,0.037138879
ma-b4cbe8,LiI,0.037151603
ma-fe4223,LiI,0.03716538
ma-869454,LiBr,0.037166466
ma-a41c6e,NaI,0.037178925
ma-6eca54,LiBr,0.037185713
ma-f0d752,LiBr,0.037219151
ma-40fc13,LiBr,0.037242051
ma-d8cbd0,LiBr,0.037250526
ma-de2b4e,LiBr,0.037253678
ma-a4396d,LiI,0.037256677
ma-c4baf6,LiI,0.03730339
ma-89cccd,NaI,0.037306008
ma-8a66b5,LiI,0.037316453
ma-7f43f8,LiBr,0.037321767
ma-e5963d,LiBr,0.037327229
ma-985e89,LiBr,0.037351065
ma-d80bfa,LiBr,0.037354418
ma-291200,LiBr,0.037414581
ma-89c44e,LiBr,0.037423027
ma-bdeae4,LiBr,0.037439042
ma-7de096,LiBr,0.037440721
ma-ab75cf,LiBr,0.037464335
ma-9fd34e,LiBr,0.037467611
ma-c590f0,LiBr,0.037484516
ma-43de34,LiBr,0.037491664
ma-994c6c,LiBr,0.037515472
ma-be5d9e,LiBr,0.037519211
ma-8dd148,NaI,0.037522262
ma-9b066f,LiI,0.037583326
ma-52835a,LiBr,0.037618526
ma-d68021,LiBr,0.037649078
ma-ed09de,KI,0.037658822
ma-483f10,LiI,0.037664945
ma-926242,LiI,0.03767489
ma-6457ee,LiI,0.037675824
ma-2d077d,LiI,0.037708784
ma-4edb8d,LiBr,0.037724971
ma-98df94,LiBr,0.037725115
ma-e1fac6,LiI,0.037736781
ma-2ad597,LiBr,0.037739161
ma-38d1b1,LiBr,0.037750272
ma-35ae0d,LiI,0.037759726
ma-194c06,LiI,0.037765167
ma-e66410,LiBr,0.037790451
ma-8d33a5,LiBr,0.037794157
ma-50f61f,LiBr,0.037810847
ma-5ca9c8,LiI,0.037825406
ma-447eda,LiI,0.037849648
ma-1963fc,LiBr,0.037857172
ma-5b73c0,LiBr,0.037881835
ma-002a55,LiBr,0.037898456
ma-ad1fc5,LiBr,0.037929627
ma-6f8406,LiBr,0.037981039
ma-007fe5,NaI,0.037993184
ma-9cb325,LiBr,0.037999062
ma-6a9589,LiI,0.038001543
ma-7b4a2c,LiI,0.038001648
ma-aef16e,LiBr,0.03801377
ma-497179,LiBr,0.038022816
ma-85cbc7,LiI,0.038042425
ma-f20cb5,LiBr,0.038063099
ma-532309,LiBr,0.038097637
ma-f3358f,LiBr,0.038115534
ma-d357ac,LiBr,0.038116307
ma-c3c0c8,NaI,0.038129721
ma-ba0865,LiBr,0.038143072
ma-6f7bfe,LiBr,0.03819391
ma-4ebf78,NaI,0.038213786
ma-ada0df,LiBr,0.038239421
ma-81d567,LiI,0.038254907
ma-335d6e,LiBr,0.038267606
ma-7d6f2d,LiBr,0.038317311
ma-ef0e9a,LiBr,0.03832808
ma-f9341c,LiBr,0.038346245
ma-285e7b,NaI,0.038394376
ma-1bb2c7,LiBr,0.03841733
ma-6bc9c3,NaI,0.038482797
ma-d79715,LiBr,0.038483233
ma-a944e6,LiBr,0.038485717
ma-0733aa,LiBr,0.038501792
ma-82b6e5,LiI,0.038504085
ma-317871,LiBr,0.038517352
ma-70058f,NaI,0.038520067
ma-58000f,LiI,0.038534136
ma-01049a,LiBr,0.038543837
ma-d3a3dc,LiBr,0.038606517
ma-02d17d,LiBr,0.038650114
ma-450743,LiBr,0.03865261
ma-6bf4af,LiI,0.038675118
ma-5a596a,LiBr,0.038678063
ma-408a3c,LiBr,0.038689537
ma-419dd9,LiBr,0.03871822
ma-cc9517,LiBr,0.038758057
ma-a6de51,LiBr,0.038773835
ma-3f0ee5,LiBr,0.038778597
ma-ccc520,LiBr,0.03878056
ma-021add,LiBr,0.03879789
ma-550f39,LiI,0.038812827
ma-fa5ca5,NaI,0.038874774
ma-3bf8c5,LiBr,0.038878292
ma-532993,KI,0.038896488
ma-114683,LiI,0.038898083
ma-5c5dc7,LiBr,0.038907461
ma-9d16f0,LiI,0.03893367
ma-cf3b9b,LiBr,0.03897698
ma-78a79c,NaI,0.038991572
ma-477882,NaI,0.03899566
ma-ef35db,LiBr,0.039005077
ma-7d48de,LiI,0.039035447
ma-232121,LiBr,0.039044962
ma-aa4ade,LiI,0.039062371
ma-9a018a,LiBr,0.039062704
ma-2c7cba,LiI,0.039087459
ma-2fe7b2,LiBr,0.039189492
ma-cf7497,LiI,0.039219299
ma-4f1185,NaI,0.039229965
ma-9de6b9,LiI,0.039270883
ma-32574d,LiI,0.039294704
ma-4bab7b,NaI,0.039304215
ma-050139,KI,0.039364342
ma-2415b0,LiBr,0.039378716
ma-4015e3,LiI,0.039402696
ma-a44066,KCl,0.039433822
ma-f1e701,LiBr,0.039605786
ma-ed40f6,LiI,0.039610477
ma-2071c4,LiBr,0.039672142
ma-6d6819,KI,0.039677204
ma-b30ee9,LiBr,0.039678345
ma-d0a4f2,LiI,0.039688952
ma-3e9c88,KI,0.039699716
ma-a29fba,KI,0.039756485
ma-49d354,LiBr,0.039769621
ma-f96ac2,KI,0.039772915
ma-8e4a3c,LiBr,0.039784167
ma-881389,LiBr,0.03978463
ma-8b04fb,LiI,0.039835558
ma-73f0a0,LiBr,0.039872857
ma-05bb9b,LiI,0.039919031
ma-524689,LiBr,0.039966174
ma-bbdd00,LiBr,0.040055776
ma-0cbf59,LiBr,0.040076264
ma-fc54ef,LiBr,0.04011838
ma-56bdaf,LiI,0.040158768
ma-5944b8,LiBr,0.040194814
ma-c53a6d,LiBr,0.04030654
ma-8bea8e,LiBr,0.040323282
ma-92584d,KI,0.040382267
ma-3e0770,LiI,0.040413291
ma-f50c08,LiI,0.040425599
ma-4e6681,LiBr,0.040586022
ma-415d8d,LiBr,0.040620967
ma-7f0148,LiBr,0.04069643
ma-cb4223,LiBr,0.040712527
ma-31a277,LiI,0.040735955
ma-e1af1d,KI,0.040737291
ma-0b856c,LiBr,0.040738343
ma-800d38,KI,0.040814946
ma-c55892,LiI,0.040884512
ma-d38928,LiI,0.040895255
ma-4c9011,LiI,0.040899024
ma-c3f6d0,LiI,0.040963632
ma-962687,LiI,0.041091234
ma-0a4df0,LiI,0.041181914
ma-1e3f0d,LiBr,0.041332092
ma-21bfff,LiBr,0.041352517
ma-a1ed48,LiBr,0.041353649
ma-b008b5,LiBr,0.041354006
ma-ec7949,LiBr,0.041365293
ma-65cb86,LiBr,0.041378145
ma-0997e1,LiBr,0.04141549
ma-a6690a,LiBr,0.04141695
ma-407ea7,LiI,0.041433697
ma-088963,LiBr,0.041465529
ma-8c6f17,LiI,0.041481043
ma-584ee6,LiI,0.041483449
ma-b9b94b,LiI,0.041584228
ma-5fc29f,LiI,0.041646383
ma-e5aee4,LiBr,0.041712727
ma-b4999b,KI,0.041732972
ma-246e36,NaI,0.041767163
ma-6d786a,LiI,0.041779689
ma-4dbff4,LiBr,0.041801699
ma-071987,LiI,0.0418465
ma-ec6a84,LiBr,0.04184753
ma-377ac9,LiI,0.041967859
ma-41c695,LiI,0.0419878
ma-1d929c,LiBr,0.041996796
ma-8e9914,LiBr,0.042100897
ma-02aa97,NaI,0.042110165
ma-0e3f4d,LiBr,0.042134782
ma-5b25e5,KI,0.042159136
ma-cd7c42,LiI,0.042166223
ma-f7fb58,LiBr,0.042167457
ma-c7b3c8,LiBr,0.042216234
ma-176472,LiBr,0.042217107
ma-48ee23,LiI,0.042227207
ma-5d39fe,KBr,0.042262314
ma-fd658c,LiBr,0.042359724
ma-693464,LiBr,0.042367586
ma-5dafe8,NaI,0.042392847
ma-92f328,NaI,0.042476617
ma-18e434,LiI,0.042589786
ma-68d711,LiI,0.042598249
ma-7910a5,LiI,0.042604725
ma-2cbb8d,LiBr,0.042648471
ma-4e05ed,LiBr,0.042695676
ma-3fd3dd,LiBr,0.042703029
ma-73ddb1,LiBr,0.042729475
ma-fc105f,LiBr,0.042749542
ma-2afbdd,NaI,0.042749886
ma-671dd2,KI,0.042758166
ma-725512,LiI,0.042775491
ma-2d34bc,LiBr,0.042801812
ma-f67149,NaI,0.042806652
ma-3a93a1,LiBr,0.042818809
ma-ae0084,LiI,0.042820608
ma-eda4f9,LiI,0.042842906
ma-8d6aba,LiBr,0.042852115
ma-e183e4,LiI,0.042882381
ma-81ff8c,LiBr,0.04291059
ma-a7dad2,LiI,0.042910713
ma-e1eb48,LiI,0.042912957
ma-b41a29,LiBr,0.042982459
ma-44c05a,LiI,0.042987541
ma-152497,NaI,0.043054506
ma-b36255,NaI,0.04307088
ma-ddf212,KBr,0.043101205
ma-25fd95,KI,0.043121402
ma-a9a4f1,LiBr,0.043165661
ma-0e7e5b,LiBr,0.043184686
ma-020d78,KI,0.04319229
ma-6d36a5,KI,0.043233985
ma-f979f8,LiI,0.043252274
ma-acb88a,LiBr,0.043322497
ma-aa7298,LiI,0.043378803
ma-15d750,LiI,0.043379522
ma-4d2cd1,LiBr,0.043396622
ma-75dc6f,KI,0.043415827
ma-e3cd0b,LiBr,0.043490915
ma-bce642,LiCl,0.043493699
ma-cca625,KI,0.043515522
ma-8482d4,KI,0.043529266
ma-25de9f,LiBr,0.043539299
ma-b6111d,LiI,0.043545371
ma-d22532,LiBr,0.043553187
ma-cd6342,KI,0.0435622
ma-027e80,LiBr,0.043593705
ma-c754d1,LiBr,0.043616739
ma-69d957,KI,0.043693508
ma-c94175,KI,0.043700826
ma-e87798,LiI,0.043787685
ma-ec5e79,NaI,0.043841416
ma-addcb6,KI,0.043944479
ma-7ddc68,LiBr,0.04399432
ma-eb78ca,LiBr,0.044025404
ma-c3b2dc,LiBr,0.044058699
ma-abce8f,LiBr,0.044094882
ma-58bc26,KI,0.044156065
ma-30a643,LiBr,0.044217203
ma-92ad22,LiBr,0.044229501
ma-127743,LiBr,0.044233324
ma-30fd92,NaI,0.044249387
ma-9e750f,LiI,0.044267303
ma-1d1d25,LiBr,0.044407009
ma-646736,LiI,0.044485047
ma-ca651b,LiBr,0.044488422
ma-937b56,LiI,0.044559783
ma-bc2e1c,LiBr,0.044583916
ma-284f55,LiBr,0.044649876
ma-7f7eb0,NaI,0.04468797
ma-dfb42d,KI,0.04472857
ma-7f37b9,LiI,0.044731543
ma-68d830,NaI,0.044763896
ma-58ca7e,LiBr,0.044794241
ma-71735c,NaBr,0.044796862
ma-8ef042,LiBr,0.044850501
ma-1ad5c8,LiBr,0.044859547
ma-b90547,KI,0.044868125
ma-f38914,LiBr,0.045007882
ma-137965,LiI,0.045010591
ma-d87eef,LiBr,0.045025787
ma-648aeb,LiBr,0.045113857
ma-6158c0,LiBr,0.045128067
ma-12027d,LiBr,0.045186857
ma-b423c6,LiBr,0.04519056
ma-4d1e62,NaI,0.04520905
ma-286a6b,LiI,0.045237268
ma-e287d6,LiI,0.04524514
ma-e5e76d,NaI,0.045279967
ma-36b158,LiBr,0.045315935
ma-e8d897,LiBr,0.045317897
ma-5626e1,LiI,0.045369564
ma-73bf35,LiBr,0.045484523
ma-5bded9,LiBr,0.045551086
ma-945ef7,LiBr,0.045562583
ma-05d1b6,NaI,0.045570834
ma-57490d,LiBr,0.045578142
ma-9ee9c9,NaI,0.045671717
ma-6de7fd,NaI,0.045681994
ma-1b89b7,LiI,0.0456823
ma-1ea7f0,NaI,0.04577452
ma-8df555,NaI,0.045830021
ma-fb68cd,LiI,0.04583416
ma-9e3d27,LiBr,0.045865887
ma-5eaf73,LiBr,0.045896039
ma-8c5f99,LiBr,0.045912616
ma-ee72cf,KI,0.045971789
ma-f306e3,NaI,0.046013799
ma-19d5e4,LiI,0.04601963
ma-633550,LiBr,0.046028007
ma-723d18,KI,0.046092244
ma-5581bf,LiI,0.046099284
ma-eb076d,LiBr,0.046152115
ma-4c5da8,LiI,0.046189768
ma-e8ab2b,LiBr,0.046192642
ma-fcb493,LiI,0.046254987
ma-c480cc,LiI,0.04629396
ma-43bda9,LiBr,0.046297252
ma-0e75df,LiI,0.04633465
ma-7ddae2,LiBr,0.046352779
ma-21184e,LiBr,0.046353275
ma-7a8a2b,LiBr,0.046425582
ma-0d90ea,LiBr,0.046582664
ma-97c8b8,LiBr,0.046600786
ma-d26450,LiBr,0.046608788
ma-0f93b3,LiBr,0.046661038
ma-2bf280,LiI,0.046692433
ma-2d4bd9,LiBr,0.046711338
ma-466c50,LiI,0.046718136
ma-9b473e,LiBr,0.046740997
ma-bafa32,LiBr,0.046750045
ma-bf7dd7,LiI,0.046777027
ma-c399a9,LiBr,0.046823457
ma-b65546,NaI,0.04687101
ma-63bc03,LiBr,0.046896729
ma-68082c,LiBr,0.046904015
ma-d4b73d,LiBr,0.046956622
ma-f8c39f,LiBr,0.047047396
ma-810fc4,LiI,0.047184156
ma-3fa2c5,LiI,0.047230248
ma-502b1f,LiBr,0.047245138
ma-fa8933,LiI,0.047318304
ma-2fc4f1,LiI,0.047345245
ma-00ec46,LiI,0.047412723
ma-31f0ce,LiBr,0.047431638
ma-411d79,LiBr,0.047446374
ma-d1096f,LiI,0.047451024
ma-0e5aa4,LiBr,0.047470658
ma-24958e,LiI,0.047566035
ma-815906,LiI,0.047597172
ma-ae8e52,LiI,0.047602389
ma-5771e3,LiBr,0.047615442
ma-802796,LiI,0.047662305
ma-6ee58b,LiBr,0.047776698
ma-734af0,LiI,0.047887095
ma-be7910,KI,0.047966659
ma-6dbb54,LiBr,0.047971194
ma-ecb210,LiBr,0.04797305
ma-e82f36,LiBr,0.047986085
ma-af2571,LiI,0.048017883
ma-aaba67,LiI,0.048017904
ma-d8c7d0,LiBr,0.048054284
ma-f77204,LiBr,0.048083496
ma-19aaa2,KI,0.048124754
ma-cf5c2a,LiBr,0.048133774
ma-88e071,LiBr,0.048135566
ma-07efc0,NaI,0.04815497
ma-a0d41b,LiBr,0.048187687
ma-34cdd3,LiI,0.048267084
ma-20a57d,LiBr,0.048287809
ma-45c77b,NaI,0.04838239
ma-dddc7a,KI,0.048384271
ma-5b4e32,KBr,0.048399665
ma-840584,KBr,0.048508115
ma-6820aa,KI,0.048552309
ma-940260,KI,0.048564461
ma-5c4751,KI,0.048578212
ma-c6703b,KI,0.048581491
ma-668ae0,LiI,0.048610782
ma-50349f,LiBr,0.048673665
ma-f7f65f,KBr,0.048684587
ma-97974b,LiBr,0.048717936
ma-28fe24,KI,0.048752152
ma-8ec5c9,KI,0.048783585
ma-8839b8,KI,0.04881507
ma-1a950e,KI,0.048817587
ma-f7445d,LiBr,0.048835244
ma-120225,LiI,0.048966366
ma-2ee234,NaI,0.04896955
ma-52ccad,KI,0.048975391
ma-9de3e1,NaI,0.048982047
ma-8cc38a,NaI,0.048994016
ma-6b8827,LiBr,0.049026927
ma-c3f817,LiI,0.0490995
ma-d370a1,LiBr,0.049130166
ma-6664e3,KI,0.049149179
ma-931f46,KI,0.049164122
ma-c046d0,LiI,0.049175754
ma-efa1dd,LiI,0.049209474
ma-f0754f,LiI,0.049251789
ma-ae1eda,KI,0.049285655
ma-29ce08,LiBr,0.049312222
ma-882b66,LiBr,0.049328568
ma-c07ddb,KI,0.049340339
ma-36174c,LiI,0.049347468
ma-0155a1,KI,0.049379414
ma-38f121,KI,0.049393401
ma-93900c,LiI,0.049395399
ma-123bb6,LiI,0.04939545
ma-8fb37c,LiBr,0.049451137
ma-1b001a,LiBr,0.049466015
ma-1eb562,LiI,0.0495044
ma-48cfca,LiI,0.04953882
ma-a57f1d,KI,0.049543294
ma-686797,NaI,0.049554114
ma-411f3c,LiI,0.049575842
ma-974025,NaI,0.049630092
ma-c603df,NaBr,0.049655731
ma-164bb8,KI,0.049694551
ma-eeacab,LiI,0.049767624
ma-6443a6,LiI,0.049780649
ma-31d792,LiI,0.049861465
ma-48ea44,LiI,0.049868704
ma-73ae67,NaI,0.049884155
ma-85f639,LiI,0.049907218
ma-c03883,LiI,0.049932746
ma-acb00a,LiI,0.049936509
ma-d094fe,LiBr,0.04994481
ma-a26b3f,KI,0.049975846
ma-7d4ba2,LiI,0.049976112
ma-ef751c,LiBr,0.049986022
ma-5b9a21,LiI,0.049994981
ma-67c91e,LiBr,0.0500334
ma-89d85f,LiI,0.050074704
ma-68f621,LiBr,0.050131371
ma-439869,LiI,0.050140579
ma-d0206b,KI,0.050151116
ma-c98dc7,NaBr,0.050156972
ma-8b3e77,LiBr,0.050204371
ma-3634dd,LiI,0.050222531
ma-05160a,LiBr,0.050255042
ma-3e194e,LiI,0.050270235
ma-0787b8,LiBr,0.050311619
ma-2a9f00,LiI,0.05032969
ma-403887,LiBr,0.050342154
ma-e391d7,LiBr,0.050354793
ma-90967a,LiBr,0.050379806
ma-892251,NaI,0.050388606
ma-d5138f,LiI,0.050402307
ma-5d3ec5,LiBr,0.050427063
ma-8971ad,LiBr,0.050455027
ma-5992ce,NaI,0.05046134
ma-213bdc,LiI,0.050567249
ma-1915f9,NaI,0.050689331
ma-d4bba5,LiI,0.05075304
ma-d28cfc,LiBr,0.050872024
ma-1ae0cc,LiBr,0.050878886
ma-bc2f5c,LiI,0.050915038
ma-693a3c,LiBr,0.051129629
ma-16f2b5,LiBr,0.051258108
ma-346cf9,LiI,0.051307008
ma-aa0609,LiI,0.051317245
ma-a20a54,LiBr,0.051373344
ma-560c5d,LiBr,0.051403827
ma-d5bd12,NaI,0.051457121
ma-aebab3,NaI,0.051487972
ma-944eb0,LiBr,0.051514377
ma-89f7b7,LiBr,0.05156257
ma-ee873f,KI,0.051604406
ma-aa088c,LiBr,0.051622611
ma-61d430,KBr,0.051627641
ma-8b2892,KBr,0.051646665
ma-c2c822,LiI,0.05170875
ma-de8dc1,LiBr,0.05179038
ma-5c94a5,LiBr,0.051816239
ma-15a76f,KI,0.051851596
ma-6f40a1,LiBr,0.051896693
ma-08f38a,LiI,0.051913007
ma-7c4040,LiBr,0.051926857
ma-831e04,LiBr,0.051940525
ma-9e9c86,LiI,0.051957187
ma-983126,LiI,0.051973353
ma-a2a1db,LiI,0.051999785
ma-47d70f,LiI,0.052023617
ma-31ec47,LiI,0.052064826
ma-55ec8f,LiBr,0.052165535
ma-b21f7a,LiI,0.052189066
ma-4a07f8,LiBr,0.05223159
ma-65fa11,LiBr,0.052261747
ma-9c13a6,NaI,0.052290454
ma-3664e2,LiBr,0.052295704
ma-8c0f8d,LiBr,0.05232001
ma-07fe49,LiBr,0.052387727
ma-e73c7a,NaI,0.052506365
ma-041c2d,LiBr,0.052529106
ma-90686b,NaI,0.052577078
ma-b46635,LiBr,0.052591554
ma-5e532c,LiBr,0.05260379
ma-b8600c,LiBr,0.052812071
ma-deb2c7,LiBr,0.052820298
ma-ed439b,KI,0.052822956
ma-aa86be,LiBr,0.052872292
ma-7de50e,LiBr,0.052875158
ma-5e8207,LiBr,0.052911667
ma-21359c,LiBr,0.052983565
ma-606183,KI,0.053020944
ma-5b8363,LiBr,0.053051727
ma-91c396,LiBr,0.053127373
ma-5551eb,LiI,0.053190308
ma-ac9065,LiI,0.053197258
ma-34d9bc,LiBr,0.053209846
ma-7a4527,LiBr,0.053269014
ma-e7a375,LiBr,0.053277998
ma-95a2f5,LiBr,0.053278639
ma-72f9b4,LiI,0.053280929
ma-861b94,LiI,0.053303423
ma-8f5367,LiBr,0.053365323
ma-fc5b02,LiBr,0.053452494
ma-86d13c,LiBr,0.053453066
ma-19d467,LiBr,0.053488979
ma-9aa150,LiBr,0.053537155
ma-2804b4,LiBr,0.053540879
ma-3dd707,LiBr,0.053544206
ma-37d9fa,LiI,0.053568925
ma-9435c3,LiBr,0.053574984
ma-30ac34,KI,0.053640467
ma-2809f3,LiBr,0.053661064
ma-873903,LiBr,0.05383068
ma-0145e9,LiBr,0.053857223
ma-771add,LiBr,0.053946517
ma-d9cc47,LiBr,0.053946568
ma-9bb913,LiBr,0.053949291
ma-a97d72,LiBr,0.054008224
ma-3baaed,LiBr,0.054020567
ma-53a0fe,LiBr,0.054104621
ma-4336b2,LiBr,0.054121052
ma-fd2cd6,LiBr,0.054138421
ma-2fb662,LiBr,0.054142093
ma-b4081b,LiBr,0.054203904
ma-559e16,LiBr,0.054222266
ma-eddc0a,LiI,0.054313327
ma-505f59,LiI,0.054321246
ma-440018,LiBr,0.054447548
ma-20c343,KCl,0.054492205
ma-965bf3,LiI,0.054495948
ma-179ba8,LiBr,0.054623123
ma-3d23b1,LiBr,0.05476511
ma-e63e5a,NaCl,0.054817063
ma-9b0d05,KI,0.054983251
ma-f310d9,LiBr,0.055050797
ma-48e4fd,LiBr,0.055125472
ma-62714f,LiBr,0.055204612
ma-9552ca,LiBr,0.055273474
ma-9061a4,LiBr,0.055311652
ma-2df869,KI,0.055487876
ma-c6f443,LiBr,0.055498147
ma-775541,LiBr,0.055537772
ma-48bf31,LiI,0.055640913
ma-d2ed6b,LiBr,0.055659114
ma-294aa3,LiBr,0.055741913
ma-a95d38,NaI,0.055789699
ma-ec26ff,LiBr,0.055849972
ma-98e9ca,LiBr,0.055860506
ma-a5929a,LiI,0.055900727
ma-24678a,KBr,0.055921478
ma-ca69ab,LiI,0.055934018
ma-1b449c,LiBr,0.056010135
ma-c1e06b,NaCl,0.056044192
ma-135a73,LiBr,0.056046456
ma-97b0ba,LiI,0.056062517
ma-4096de,LiBr,0.056232536
ma-e16b2a,LiI,0.056278442
ma-9a9654,LiBr,0.056460131
ma-2917ac,LiI,0.056464497
ma-95f6dd,LiBr,0.056545366
ma-a79fe0,LiI,0.05657646
ma-d37140,LiI,0.056577976
ma-4c095b,LiBr,0.056616907
ma-7099b4,LiBr,0.056759458
ma-3dd822,NaBr,0.056927451
ma-1d5642,LiI,0.056940773
ma-8e805e,LiI,0.056958804
ma-6dbf61,LiI,0.056966794
ma-e56608,NaI,0.057066022
ma-dc04a8,LiBr,0.057107209
ma-07e14d,LiI,0.057155036
ma-f7949b,LiI,0.057167593
ma-42a90e,LiBr,0.057207759
ma-ae3493,LiI,0.057472567
ma-0d4fb9,NaBr,0.057597746
ma-81544f,NaBr,0.057617306
ma-d96844,LiI,0.057633472
ma-e68168,LiBr,0.057696234
ma-b08262,NaBr,0.057700996
ma-596d4b,LiI,0.057735612
ma-dc7647,LiBr,0.057744292
ma-0a8aac,LiBr,0.057780242
ma-243fb1,NaBr,0.057870144
ma-56acd5,LiBr,0.05788706
ma-5088cb,LiBr,0.058079456
ma-884570,LiI,0.058081794
ma-4707ef,LiBr,0.058117287
ma-7251a0,LiBr,0.058179066
ma-8df8a2,LiI,0.058203146
ma-1b1317,LiBr,0.058355775
ma-c7af3e,LiI,0.058477031
ma-6d7e80,NaBr,0.058662449
ma-bcc691,LiI,0.058663464
ma-38d052,LiBr,0.058929765
ma-789f04,LiBr,0.058958212
ma-b5c070,LiI,0.058998969
ma-83ce88,KBr,0.059110467
ma-1dccfb,LiI,0.05914653
ma-d415f0,NaBr,0.059191296
ma-51c9db,KBr,0.059267432
ma-6a4b88,NaI,0.059331087
ma-184979,LiBr,0.059646614
ma-0931bd,NaI,0.05967354
ma-e12b19,LiBr,0.059694438
ma-0442a6,LiBr,0.059779301
ma-48d24c,NaBr,0.059811021
ma-d03dcb,LiI,0.059963377
ma-21cc33,LiI,0.060222071
ma-86f156,NaI,0.060287094
ma-3b8614,KI,0.060305891
ma-7a5447,LiBr,0.06045992
ma-776d4c,LiBr,0.060557165
ma-aa0bd5,NaBr,0.060698355
ma-ea3170,LiI,0.060717315
ma-092ded,NaI,0.060745477
ma-efd64e,LiBr,0.060805448
ma-ff5a66,NaI,0.061013641
ma-0c9d06,LiBr,0.061015341
ma-fc939b,LiI,0.061141147
ma-5af89b,NaI,0.061165461
ma-457bbe,LiBr,0.061176745
ma-14aff5,LiI,0.061224299
ma-2a8e9c,KI,0.061486374
ma-cfe5dc,LiI,0.061616771
ma-1cf2ff,LiBr,0.061648066
ma-a39ed6,NaI,0.061657584
ma-3cc384,NaI,0.061671209
ma-29d244,NaCl,0.061697186
ma-2c7f2c,NaI,0.061842353
ma-81fbcf,LiI,0.061954629
ma-02bc90,NaI,0.061983813
ma-302edb,NaI,0.062014019
ma-532c6b,LiBr,0.062101999
ma-fa2f7b,LiBr,0.06216163
ma-72eb0b,LiBr,0.062358739
ma-71df61,LiBr,0.062567282
ma-34d3da,LiI,0.062571863
ma-8ac1cc,LiI,0.062588084
ma-53f1cc,LiI,0.062597217
ma-6d6859,LiBr,0.062610922
ma-200e28,NaI,0.062686885
ma-cb3094,LiBr,0.06273949
ma-7f91d9,LiI,0.062945813
ma-32305e,KI,0.062976649
ma-f11512,LiI,0.062983023
ma-8cd0e8,LiBr,0.063277707
ma-560ddd,NaI,0.063356796
ma-f0300e,LiBr,0.063367818
ma-3486f2,LiBr,0.063398478
ma-67239c,LiI,0.063738625
ma-72089a,LiBr,0.063743225
ma-052de6,KI,0.063887031
ma-27e2da,NaI,0.063906131
ma-e2143d,LiI,0.064020244
ma-bd6d25,LiI,0.064041619
ma-35afb4,NaI,0.064074679
ma-88c014,NaI,0.064223338
ma-9043a5,LiBr,0.064271951
ma-055740,LiBr,0.064317191
ma-795071,LiBr,0.064387646
ma-a0a8df,NaI,0.064455416
ma-442fa7,NaI,0.064469111
ma-329c7f,KCl,0.064471045
ma-c78e65,LiBr,0.064474805
ma-22e951,LiBr,0.064514911
ma-377ada,LiBr,0.064515342
ma-9f49d4,KI,0.064572021
ma-7eb36c,LiBr,0.064657119
ma-01e45b,LiBr,0.064767022
ma-23510e,LiBr,0.064803932
ma-9efd59,NaBr,0.06482312
ma-c71aba,LiBr,0.064837569
ma-906f8f,LiBr,0.064854459
ma-6906de,NaI,0.064887675
ma-99b9f5,LiI,0.065083423
ma-60fdf4,NaI,0.065109547
ma-917312,KI,0.06519349
ma-35089c,LiI,0.065217838
ma-0b3112,LiBr,0.065253497
ma-055b50,KCl,0.065466584
ma-4dd4f4,NaI,0.065545629
ma-49fa5f,NaI,0.065550395
ma-a0c8e4,NaI,0.065654034
ma-e1c523,LiI,0.065760513
ma-646167,LiI,0.065785432
ma-4182a0,LiI,0.065792535
ma-297933,LiI,0.065813214
ma-81305e,NaCl,0.065820186
ma-bd7b43,LiBr,0.065842894
ma-350a0b,NaI,0.065859906
ma-b00cce,NaI,0.065990435
ma-f3ac12,NaI,0.066065987
ma-7a0ce8,LiI,0.066122823
ma-732c5b,KI,0.066149307
ma-ee3d64,KI,0.066156499
ma-0b6457,LiBr,0.066225415
ma-6199a4,NaI,0.066259736
ma-6e3cdd,LiI,0.066346499
ma-109e4d,KBr,0.066402845
ma-8631c9,LiBr,0.066535645
ma-cae936,KI,0.066700997
ma-b247ef,LiBr,0.066764812
ma-630174,LiI,0.066809722
ma-6fbdf7,NaI,0.066814628
ma-5d128d,LiBr,0.066938265
ma-4a587d,NaBr,0.067050639
ma-ed7db0,LiBr,0.067297662
ma-5e7e8e,LiBr,0.067335169
ma-aef0fe,NaI,0.067339971
ma-cf3405,LiBr,0.067400457
ma-bfdf33,LiI,0.067447321
ma-2f4aeb,LiBr,0.067496686
ma-986d7e,LiBr,0.06760958
ma-e2f2c5,LiI,0.067818715
ma-9e18de,KI,0.06789342
ma-b815f8,LiBr,0.06790372
ma-af0209,LiI,0.067918676
ma-ce15e3,LiBr,0.067921698
ma-2b4fd2,LiBr,0.068142003
ma-8285e8,NaBr,0.068163387
ma-63cdb4,KI,0.068211994
ma-697ff6,LiI,0.068265001
ma-aca53c,LiBr,0.068448731
ma-30dc9f,NaI,0.068463787
ma-0b6e23,LiBr,0.068468776
ma-2899c5,LiBr,0.068482716
ma-ffee02,LiI,0.068565183
ma-37078a,KI,0.068635214
ma-52800b,LiI,0.068648391
ma-1fcf43,NaBr,0.068789456
ma-1b47a3,KI,0.068840793
ma-9b51c6,KI,0.068853159
ma-898339,LiBr,0.068858911
ma-883781,KI,0.068887793
ma-de2721,KCl4,0.068929869
ma-6b6fac,KI,0.068938299
ma-a3b83d,KI,0.068981742
ma-9c960a,KI,0.069006066
ma-28e71b,KI,0.069042322
ma-8beb7d,NaI,0.069201765
ma-87d508,KI,0.06931564
ma-e46bad,KI,0.069433752
ma-7ee5b6,KI,0.069519495
ma-7a3af5,NaBr,0.069534394
ma-35f452,LiBr,0.069535554
ma-717a45,KI,0.069592896
ma-fbfa45,NaI,0.069597636
ma-5a9147,KI,0.069637047
ma-62b3bc,LiI,0.069665331
ma-6820b3,LiI,0.069667237
ma-8b70ae,LiI,0.069678219
ma-9f1504,NaI,0.069713202
ma-6b96d4,LiI,0.069721338
ma-df2cbe,LiI,0.069722223
ma-d749af,LiBr,0.06972488
ma-902815,LiI,0.069728137
ma-79ae07,LiI,0.069763435
ma-29f373,LiI,0.069779498
ma-a92850,LiI,0.069818428
ma-ac5be6,LiBr,0.069848996
ma-3f87a9,LiBr,0.069902031
ma-0bd642,LiI,0.069950334
ma-dab281,NaCl,0.069968296
ma-e6abac,LiI,0.069993587
ma-522121,KI,0.07005958
ma-b86b40,LiI,0.070067992
ma-e81cc0,LiBr,0.070088802
ma-ae45ef,NaI,0.070106736
ma-3205e6,LiI,0.0701198
ma-ece8aa,LiBr,0.070251593
ma-b12245,KI,0.070295202
ma-f36a24,LiBr,0.07036176
ma-2e83fd,LiBr,0.070381355
ma-420671,LiBr,0.070396821
ma-a8d491,LiI,0.070453889
ma-d3fa38,LiI,0.070483125
ma-c72979,KI,0.070494854
ma-23cbf5,KI,0.070614797
ma-b3eaa3,NaBr,0.070680787
ma-1fe7c7,LiBr,0.070746727
ma-23acbb,LiBr,0.070866882
ma-4bc9c6,LiBr,0.070885446
ma-357e57,NaI,0.070900527
ma-42cb9d,NaI,0.070989222
ma-de8aac,LiBr,0.071010807
ma-f9f2e3,KI,0.07106374
ma-29fec6,LiI,0.071068313
ma-1d3ab0,LiBr,0.071088332
ma-a63d21,LiBr,0.071303739
ma-658c9b,LiI,0.071325539
ma-b45c9c,LiI,0.07137738
ma-079d16,NaI,0.071407912
ma-72618a,LiBr,0.071464619
ma-7d93e3,LiBr,0.071497599
ma-c0201d,LiBr,0.071500032
ma-3f3229,LiBr,0.071529425
ma-4d2c65,LiBr,0.071600364
ma-e1f802,LiI,0.071619527
ma-4b85de,LiBr,0.071638754
ma-2c54a6,LiI,0.071717509
ma-03ff36,LiI,0.07175273
ma-cb2d84,NaI,0.071792709
ma-258a8d,LiBr,0.071815442
ma-68e8cf,LiBr,0.07181687
ma-91fe40,LiBr,0.071903781
ma-9998ca,LiBr,0.071906271
ma-5fc60d,NaI,0.071929535
ma-f60509,NaI,0.071964508
ma-a1f3c5,LiBr,0.072182053
ma-c02a66,KBr,0.072197175
ma-7d2b2b,KBr,0.072206079
ma-72a6dc,LiBr,0.072271816
ma-a3766c,LiBr,0.072302571
ma-003c85,LiBr,0.07237872
ma-bda848,KBr,0.072418837
ma-dae76e,KBr,0.072422667
ma-999208,KBr,0.072435069
ma-939fa1,LiBr,0.072508572
ma-c312df,LiI,0.072578099
ma-a69f40,LiBr,0.072744461
ma-2f7656,LiI,0.072814022
ma-b5be96,LiBr,0.072858672
ma-8307f9,KBr,0.072928982
ma-dd1a2c,NaI,0.0729439
ma-b44e17,LiBr,0.073130867
ma-652d2e,LiBr,0.073172677
ma-ecff70,LiBr,0.073225437
ma-ddfb6e,NaI,0.073287524
ma-5af684,LiBr,0.073354993
ma-cbe7d9,LiBr,0.073366384
ma-7fc5c1,LiBr,0.073471877
ma-2dcbee,LiI,0.073495416
ma-23c509,LiBr,0.073514245
ma-9c9c62,LiBr,0.073629157
ma-ae2e69,LiBr,0.07363431
ma-ca1d20,LiI,0.073714903
ma-f2c3b8,KBr,0.073751347
ma-164c2a,LiI,0.073811778
ma-d1b178,KI,0.07391287
ma-72fc70,KI,0.074020782
ma-bb87f9,LiI,0.074119662
ma-cb82f0,NaI,0.074153174
ma-1ade67,LiBr,0.074177505
ma-55ae57,NaI,0.074211383
ma-8a32c4,LiI,0.074250655
ma-c7758b,NaI,0.074422519
ma-0888ea,LiBr,0.074558315
ma-3a7ea6,NaI,0.074714356
ma-e3e1b2,LiBr,0.074828408
ma-bb74d4,LiI,0.074843777
ma-f12cb7,LiI,0.075008253
ma-389fb9,LiBr,0.075208407
ma-ec0b35,LiBr,0.075308887
ma-bc111d,LiBr,0.075434007
ma-ea9304,LiI,0.07545491
ma-a53369,LiI,0.07559034
ma-98d6f6,LiI,0.075685409
ma-a0310b,LiBr,0.075793759
ma-ebed3f,LiBr,0.075802525
ma-37dda6,NaBr,0.075813685
ma-02de1a,NaI,0.075829799
ma-88b84f,NaI,0.075856474
ma-d1138e,KI,0.075868768
ma-319e89,LiBr,0.075935933
ma-5ddb32,NaI,0.075950637
ma-eba104,LiI,0.075986871
ma-d1b60a,LiBr,0.076035832
ma-c4596c,NaI,0.076130136
ma-f88682,LiI,0.076144437
ma-d492f2,LiBr,0.076353691
ma-477399,LiBr,0.0764901
ma-bb9cd1,NaI,0.076509798
ma-213d26,LiBr,0.07656851
ma-248c3f,NaBr,0.076586309
ma-074a26,KBr,0.076598382
ma-699208,KBr,0.076606702
ma-b6bc63,LiI,0.076761624
ma-21824a,LiI,0.076810183
ma-033089,KI,0.076828777
ma-369132,KI,0.076829402
ma-5db108,LiBr,0.076830734
ma-24f285,LiI,0.076892044
ma-a63ae9,NaI,0.076897916
ma-e554cf,LiI,0.077108586
ma-33a33a,LiBr,0.077153822
ma-dce2f8,KI,0.077194891
ma-3e84aa,NaBr,0.077236196
ma-4ebd00,KI,0.077236994
ma-9c20f3,LiBr,0.077299096
ma-5bed45,LiI,0.077495319
ma-b65a96,NaBr,0.077562434
ma-366c6f,KBr,0.077590381
ma-1d1623,KI,0.077716202
ma-08a63f,LiI,0.077970398
ma-269e5f,LiI,0.078041919
ma-7e5dbc,LiI,0.078074915
ma-6a4112,NaBr,0.078307987
ma-9704a6,KI,0.078342627
ma-7c10e0,LiBr,0.078360665
ma-5b9fc3,NaI,0.078401305
ma-000488,LiBr,0.078473324
ma-3e2919,LiBr,0.078496021
ma-50a100,LiBr,0.078553764
ma-86e4f7,KCl,0.078568166
ma-90ab07,LiCl,0.078753682
ma-c1684c,LiBr,0.078756974
ma-af7300,LiBr,0.078808545
ma-cb9bf9,LiBr,0.078899732
ma-6a8ec7,LiBr,0.078943961
ma-0f1601,NaI,0.078976971
ma-c29cf4,NaI,0.079088236
ma-0bbfdc,LiBr,0.079121741
ma-329b5c,LiBr,0.079190342
ma-9cf2ff,LiI,0.079192772
ma-e85478,LiI,0.079351327
ma-438e2a,LiBr,0.079482004
ma-003f82,KI,0.079746504
ma-428334,LiBr,0.079878279
ma-eeb2d9,LiBr,0.079937386
ma-573231,NaI,0.079956906
ma-f007eb,LiBr,0.080122818
ma-37e794,LiBr,0.080273576
ma-77712d,LiBr,0.080288559
ma-f7ffe0,LiBr,0.080315984
ma-cdabce,NaI,0.080420205
ma-477281,KI,0.080492
ma-131a3e,LiBr,0.080494168
ma-e03750,LiI,0.080617238
ma-c7a026,LiBr,0.080688584
ma-2e8034,LiI,0.081029671
ma-6a0eb6,LiBr,0.081057013
ma-503f28,LiI,0.08109236
ma-079166,LiI,0.081107224
ma-caf922,LiI,0.081164405
ma-e03666,LiI,0.081198932
ma-c88ba1,LiBr,0.081203211
ma-0e9ad8,LiBr,0.081215758
ma-6ab006,LiI,0.081230141
ma-34ff0d,LiBr,0.081244587
ma-b52236,LiI,0.081314609
ma-a5236e,LiI,0.081352642
ma-24ac44,LiI,0.081353006
ma-5b25bc,LiI,0.081546643
ma-c5d35c,LiBr,0.081598745
ma-e91f83,LiBr,0.081711083
ma-c89e41,LiI,0.081943479
ma-107fef,LiI,0.082058338
ma-76afdc,LiBr,0.082073492
ma-ea430a,LiI,0.082152969
ma-2c0630,LiBr,0.082179977
ma-d98b6d,LiBr,0.082250221
ma-acecb3,LiI,0.082297165
ma-6d4391,NaI,0.082448409
ma-1fde15,NaCl,0.082479174
ma-96e2f6,LiBr,0.082508048
ma-34edb5,NaCl,0.082531477
ma-a025f5,LiI,0.082678446
ma-cbcb04,LiBr,0.082795522
ma-11a01b,LiI,0.082896567
ma-013949,LiI,0.083014442
ma-34d633,LiI,0.083472626
ma-206335,LiCl,0.083764852
ma-fa0e28,LiBr,0.084157977
ma-b93701,LiBr,0.084277863
ma-9981aa,NaI,0.084685324
ma-01b7c7,NaI,0.084947922
ma-1712a2,LiI,0.085196681
ma-909d75,NaI,0.085318981
ma-5b46e2,LiBr,0.085485252
ma-c3b0f6,LiCl,0.085502115
ma-0f53e9,LiBr,0.085505892
ma-562fd8,NaI,0.085700131
ma-a0ce91,LiI,0.085735326
ma-685782,LiBr,0.085844198
ma-e024cc,LiBr,0.085916415
ma-f882d0,LiI,0.086005176
ma-e54873,LiI,0.086627888
ma-b6f4d8,LiBr,0.086728608
ma-5a9985,LiBr,0.086790569
ma-2f18a2,LiBr,0.086922493
ma-4a34fa,LiBr,0.086966522
ma-6acb35,LiBr,0.087222062
ma-23cb3e,LiBr,0.087334849
ma-d22274,LiBr,0.087348178
ma-a0305f,LiI,0.087471974
ma-aade35,LiBr,0.087795785
ma-7d276d,LiBr,0.087804706
ma-586417,NaBr,0.087813937
ma-c77f25,KI,0.087902374
ma-746e48,LiI,0.088487537
ma-046a20,LiI,0.088759854
ma-91283c,LiI,0.08881178
ma-232265,LiBr,0.089022883
ma-503b85,LiI,0.089057343
ma-64993c,NaI,0.089499035
ma-b02d3b,LiBr,0.089589241
ma-398c2d,NaI,0.089657406
ma-2b38f7,LiBr,0.08976941
ma-b9c389,NaI,0.089821599
ma-c3413f,LiI,0.090109805
ma-644d02,LiBr,0.09011825
ma-a516ac,LiBr,0.090140076
ma-9b353d,LiCl,0.090212502
ma-653e43,LiI,0.090230062
ma-91d339,LiBr,0.090302091
ma-ecde1f,LiBr,0.0903442
ma-25c183,NaI,0.090482238
ma-924262,NaI,0.090533712
ma-59168f,LiI,0.090834399
ma-5f2c7c,LiBr,0.090933542
ma-8689b1,NaI,0.090981039
ma-276c76,LiBr,0.091134212
ma-3256d0,NaI,0.091242805
ma-a1d3dd,NaI,0.091244349
ma-a91a98,LiBr,0.091550686
ma-bd5f2a,LiBr,0.091553962
ma-443454,LiBr,0.091568356
ma-80e66d,NaI,0.091608025
ma-c0a8ad,LiI,0.091683975
ma-39be05,LiI,0.091754253
ma-83b349,NaBr,0.091765176
ma-236837,KI,0.091813364
ma-b833a6,LiBr,0.091833083
ma-3bc50d,LiBr,0.092033736
ma-02b05c,LiBr,0.092244086
ma-7be644,LiBr,0.092244633
ma-132e69,LiBr,0.092260219
ma-62048a,LiBr,0.09232887
ma-d3fde4,LiBr,0.09246354
ma-953e31,LiBr,0.092719035
ma-63f017,LiI,0.092749971
ma-274fbf,NaBr,0.093073601
ma-5452ba,LiBr,0.093120783
ma-b9cd02,LiBr,0.093272459
ma-87e68c,LiBr,0.093406825
ma-32f344,NaBr,0.093512284
ma-547548,LiI,0.093539817
ma-6fe9bd,LiBr,0.094308324
ma-962609,LiBr,0.094447767
ma-44048d,NaBr,0.094750191
ma-cd8845,NaI,0.094845364
ma-0d1a82,KI,0.095051405
ma-46801d,NaI,0.095168881
ma-6692fb,LiBr,0.095242972
ma-d0d8d3,NaBr,0.095250902
ma-3dac12,LiBr,0.095766104
ma-c9187b,LiI,0.095870226
ma-34f5bd,KI,0.095965309
ma-8c77ff,LiI,0.096204482
ma-a1a5d3,NaI,0.096242289
ma-3442d3,NaI,0.096375338
ma-1e8fd7,LiBr,0.096804828
ma-726fce,NaI,0.097004272
ma-36d543,LiI,0.097365241
ma-01eac6,LiBr,0.097408911
ma-928092,LiI,0.097619286
ma-41e8eb,LiI,0.097797388
ma-524d6c,KI,0.098282413
ma-0fd8e4,LiBr,0.098582765
ma-c1c063,NaI,0.098802012
ma-87870d,KI,0.098802173
ma-170fec,LiBr,0.099113987
ma-d3e5d3,LiBr,0.09916704
ma-b1a58c,LiBr,0.099575367
ma-398646,LiI,0.099882597
ma-fe5277,LiCl,0.100985096
ma-7d4e06,LiBr,0.101332856
ma-e6a991,LiBr,0.101668117
ma-261006,LiBr,0.101959539
ma-05e04a,LiI,0.102002375
ma-7cd3e2,NaI,0.103577548
ma-2c0cc0,LiBr,0.104253846
ma-d22a50,LiBr,0.104264488
ma-98f23f,LiBr,0.104314158
ma-be480c,LiI,0.104458349
ma-f6c225,LiI,0.105022974
ma-699910,KI,0.105146397
ma-03ae2a,LiBr,0.105273262
ma-04ecb5,KI,0.105297069
ma-8d9e20,LiI,0.106222627
ma-3332a0,LiBr,0.106233752
ma-d4ebf9,NaCl,0.106334982
ma-a78f39,LiBr,0.106471507
ma-a16718,LiBr,0.106630207
ma-e4ad2e,LiBr,0.106836044
ma-3a32ba,LiI,0.106875363
ma-306587,LiBr,0.107358984
ma-2c923e,LiBr,0.107730165
ma-34a8fc,NaI,0.108521838
ma-ff5df0,LiI,0.10892454
ma-b8f881,LiI,0.109073451
ma-c9fad6,LiI,0.109924431
ma-1ea3c3,LiI,0.110171747
ma-a75063,LiI,0.110346432
ma-ab143b,LiI,0.110929186
ma-a83365,LiBr,0.110993019
ma-3490d6,LiI,0.111053801
ma-2e8d51,LiI,0.111354602
ma-1e0eac,LiBr,0.111383386
ma-b3c24a,LiI,0.111413363
ma-acf759,LiBr,0.11163425
ma-96f368,LiBr,0.111643849
ma-e8b991,NaI,0.111805868
ma-ca7c82,LiBr,0.112047756
ma-9698d3,LiBr,0.112484982
ma-a12103,NaI,0.112583601
ma-b4d554,LiBr,0.112782854
ma-f5d888,LiI,0.113211715
ma-60c6cc,LiI,0.113431959
ma-3956a2,LiI,0.113734659
ma-000029,LiBr,0.113914029
ma-7f879a,LiI,0.113927861
ma-7a7628,KBr,0.114076149
ma-fb969f,LiI,0.114256274
ma-bcec56,LiI,0.114404081
ma-51679c,KBr,0.114609084
ma-2e0038,LiI,0.114815488
ma-b5144c,NaI,0.115591177
ma-51d4cb,LiBr,0.11563592
ma-b0167c,LiBr,0.115722927
ma-d1778e,LiI,0.115739229
ma-815da8,KI,0.116149777
ma-2d0f94,LiI,0.116256935
ma-cbb8c4,LiBr,0.116357046
ma-25a800,LiBr,0.116459938
ma-89a5a0,LiI,0.116718436
ma-edc3ae,LiBr,0.116802691
ma-9e00f8,NaI,0.117210251
ma-1f1e24,KBr,0.11730988
ma-6aeff5,LiI,0.117454956
ma-fe6945,LiBr,0.117786734
ma-bf8af2,LiI,0.118311188
ma-af804e,LiI,0.118459015
ma-4b5cf5,LiBr,0.118480235
ma-9e4678,LiBr,0.118611031
ma-ac32ba,LiBr,0.118840902
ma-1dc277,LiBr,0.119280027
ma-ff6e26,LiBr,0.119373923
ma-049d0b,NaI,0.119829232
ma-3a747b,KI,0.119862037
ma-265554,LiBr,0.119934933
ma-d92ba4,LiBr,0.120182198
ma-4640e8,LiBr,0.120212967
ma-a9cc3a,LiBr,0.120687095
ma-a6daa7,LiI,0.120949897
ma-3485b6,LiBr,0.121018504
ma-6d0539,LiI,0.121107605
ma-d93d60,LiBr,0.121124872
ma-92ba8c,LiI,0.121615265
ma-66f276,LiI,0.121762731
ma-a8f6d7,LiI,0.121922783
ma-9327cb,LiI,0.122208131
ma-252638,LiI,0.122515246
ma-0dc38a,NaI,0.122730167
ma-e13d2e,KI,0.122959469
ma-fe6502,LiI,0.122986264
ma-d09ddd,LiI,0.123027601
ma-112b88,LiI,0.123078845
ma-895579,LiBr,0.123392135
ma-f49a6a,LiBr,0.123412724
ma-642f3b,LiBr,0.123431918
ma-cccbcd,LiBr,0.123565427
ma-93aa59,LiI,0.123668307
ma-33abfb,LiI,0.123794758
ma-8065c9,KI,0.123835826
ma-439ffb,LiI,0.124023048
ma-07268f,LiI,0.124204717
ma-687d29,LiI,0.124237704
ma-8d7807,LiI,0.124466829
ma-73d092,LiBr,0.124605272
ma-e4f4c9,LiI,0.124672942
ma-1ffbe4,KI,0.125018077
ma-39f702,LiI,0.125698103
ma-ed3a81,LiI,0.126120007
ma-981cca,LiI,0.126145926
ma-7d37ac,LiI,0.126370675
ma-4e4615,LiI,0.126865165
ma-8d607e,LiBr,0.127382464
ma-414b12,LiBr,0.127625545
ma-6472b6,KBr,0.127829755
ma-ae493a,LiI,0.127918777
ma-fe1dcf,LiBr,0.128253786
ma-580138,LiI,0.128279435
ma-f589a3,LiBr,0.128356341
ma-8c4798,LiBr,0.12851811
ma-000d4b,LiBr,0.128590759
ma-9aeadd,LiBr,0.128623687
ma-c130ec,NaI,0.128782185
ma-b19b0a,LiBr,0.128985341
ma-5d9e43,LiBr,0.129031662
ma-9cfeb2,NaI,0.129034539
ma-497597,LiI,0.129072235
ma-17175c,LiBr,0.129138402
ma-224e4c,LiBr,0.12935138
ma-e513e4,LiBr,0.129543216
ma-dda061,LiBr,0.12963246
ma-621001,LiBr,0.129806973
ma-5dc555,LiBr,0.130100371
ma-4654ba,LiBr,0.130113674
ma-92c33a,LiBr,0.13023624
ma-1dbee2,LiBr,0.130533158
ma-2fc592,LiBr,0.13054605
ma-98015b,LiI,0.130673722
ma-44ef4b,LiBr,0.130743369
ma-992992,LiBr,0.131306932
ma-1bca4c,LiBr,0.1313856
ma-c0bd8e,LiI,0.131406944
ma-240724,LiBr,0.131446939
ma-fbe55c,LiBr,0.131486534
ma-52abfa,LiBr,0.131693157
ma-cc815e,LiBr,0.131697086
ma-767708,LiBr,0.131707978
ma-c9e98f,LiBr,0.132014507
ma-89d5b4,LiBr,0.132101721
ma-40869d,LiBr,0.132152934
ma-800a89,LiBr,0.132212449
ma-2bb31b,LiBr,0.132316498
ma-59f85a,LiBr,0.132532532
ma-d7b5fc,LiBr,0.132559269
ma-eec632,LiBr,0.133052777
ma-3e1fed,LiBr,0.133187406
ma-5bbbaa,LiBr,0.133295063
ma-25294c,LiBr,0.133520216
ma-4f1fa3,LiBr,0.133770644
ma-62c53e,LiBr,0.133950932
ma-584fbb,LiI,0.134122722
ma-b41c2d,LiBr,0.1344066
ma-c06137,NaBr,0.13441739
ma-b32899,LiI,0.134755493
ma-640371,LiI,0.134858134
ma-d28932,LiI,0.134894033
ma-837a35,LiBr,0.13518345
ma-7b0aee,LiBr,0.135759009
ma-e0eaa8,NaI,0.13587918
ma-8976e1,LiBr,0.135987445
ma-400279,LiBr,0.136459941
ma-ba384a,KBr,0.136991861
ma-bc1d89,LiBr,0.13705112
ma-368791,LiI,0.137122417
ma-c45f6b,LiI,0.137281554
ma-2f6367,LiI,0.137341081
ma-271af1,LiBr,0.137740626
ma-77fceb,LiBr,0.137848408
ma-a3f5e6,LiBr,0.138062645
ma-08990f,LiBr,0.138123413
ma-a3e116,LiBr,0.138272049
ma-e41a0e,LiI,0.138386044
ma-84ef51,LiI,0.138443021
ma-2f7ca4,LiBr,0.13855682
ma-090660,LiI,0.138779763
ma-f348ee,KI,0.138973976
ma-8baef7,LiBr,0.139168151
ma-deb020,LiBr,0.140016664
ma-b1af58,LiBr,0.140177287
ma-247562,LiI,0.140181545
ma-df812c,LiI,0.14043392
ma-857c10,LiBr,0.140487415
ma-9b9990,LiBr,0.141493363
ma-ebfc73,NaI,0.141825467
ma-126db1,LiI,0.142087176
ma-e5f0fb,LiI,0.142194999
ma-94fa37,LiI,0.142393395
ma-8189af,NaBr,0.142635359
ma-f21830,LiBr,0.142798125
ma-84a7b8,KI,0.142848189
ma-d24e29,LiI,0.143538823
ma-92c907,LiBr,0.144068412
ma-f20ec6,LiBr,0.14427902
ma-db2cc1,LiBr,0.144504554
ma-8da925,NaI,0.144512151
ma-9ee20d,NaBr,0.144994002
ma-8659ca,LiBr,0.145041425
ma-f03e68,LiI,0.145236803
ma-1f7927,LiI,0.145304056
ma-09bf71,LiI,0.14532683
ma-14e158,NaBr,0.145515847
ma-e41002,LiI,0.145645349
ma-6e6b3b,LiI,0.145880715
ma-f1836d,KI,0.146640155
ma-aebf15,LiBr,0.146739584
ma-436549,LiBr,0.146745834
ma-915be0,LiBr,0.146963648
ma-a6477d,LiBr,0.147789671
ma-0d87e4,NaBr,0.147848432
ma-6a9bb9,LiBr,0.148155099
ma-477deb,LiI,0.148377198
ma-2911a6,LiI,0.148739497
ma-e76616,LiI,0.14903412
ma-d3461f,LiI,0.149184518
ma-af1453,LiI,0.149522008
ma-db9ce9,LiBr,0.149878007
ma-99a3d7,LiBr,0.149898734
ma-5e95ce,NaBr,0.149899048
ma-f5e36c,LiI,0.150163691
ma-45e2c9,LiI,0.150369464
ma-359abd,LiI,0.150659685
ma-79b5bd,LiI,0.150675054
ma-3d61a6,LiBr,0.150752933
ma-0e8aaa,LiBr,0.150793871
ma-a1f20d,LiBr,0.15086823
ma-591fa1,NaBr,0.150916477
ma-8384c9,LiBr,0.151229078
ma-5b1b91,LiBr,0.151435944
ma-f92311,LiI,0.151462935
ma-d9ef7e,LiI,0.151836608
ma-4dd30c,LiBr,0.152019632
ma-c73559,KI,0.152158207
ma-17b598,LiBr,0.152445461
ma-3958df,LiI,0.152486065
ma-185d74,KI,0.152566164
ma-6ee18f,LiBr,0.152895933
ma-26e184,LiBr,0.153169825
ma-c1c49e,LiBr,0.153230832
ma-741014,LiI,0.153747698
ma-533cb1,NaI,0.15400485
ma-7393de,KI,0.154262839
ma-8c3cc4,LiBr,0.154440622
ma-7db9e2,LiBr,0.154458431
ma-3969ba,LiBr,0.154533858
ma-b54aca,LiBr,0.154569432
ma-07ed47,LiBr,0.15468026
ma-8156d0,LiBr,0.154776689
ma-72d3a7,LiBr,0.154807246
ma-f38439,LiBr,0.154955804
ma-7db803,LiBr,0.155046647
ma-fe55de,LiBr,0.155160153
ma-899d05,LiBr,0.155536569
ma-18e3da,LiBr,0.155867488
ma-64ce72,NaI,0.15626586
ma-5d58ab,LiI,0.156660369
ma-68246d,LiBr,0.158931567
ma-bfa803,LiI,0.15945878
ma-065909,LiI,0.159464136
ma-1efe55,NaI,0.159586579
ma-0761af,KI,0.160329413
ma-56ed05,LiBr,0.160341269
ma-3c8a30,LiI,0.160411239
ma-b48c03,NaI,0.160570092
ma-3ba839,LiBr,0.162387679
ma-bf0832,LiI,0.162795708
ma-bb726a,LiBr,0.164569718
ma-357c17,LiI,0.165196517
ma-a6c035,LiI,0.16544312
ma-678412,KI,0.166389347
ma-c79f9e,LiBr,0.166485157
ma-4fb7ba,LiBr,0.166923752
ma-48337f,LiI,0.167398255
ma-369b15,NaI,0.167760642
ma-feeaa0,LiBr,0.167998611
ma-7c0432,LiBr,0.168774067
ma-1c3f7f,LiI,0.169499499
ma-ce7c82,NaI,0.169558238
ma-aa27bd,LiBr,0.169939924
ma-5abe2c,LiI,0.170135472
ma-0d2e14,LiBr,0.170615332
ma-b07a3d,LiBr,0.170646753
ma-9afda0,NaI,0.171462322
ma-3bdea2,LiBr,0.171786584
ma-1cd86d,LiBr,0.171998103
ma-df50e3,LiBr,0.172167518
ma-7fa9f9,LiCl,0.172548325
ma-bd1848,LiBr,0.173096937
ma-c7fcca,LiBr,0.173225591
ma-726677,KBr,0.173686399
ma-7282c5,LiI,0.174350646
ma-e0889b,NaI,0.174625012
ma-27b0aa,LiBr,0.174711221
ma-afdece,LiBr,0.175261151
ma-8489fa,NaI,0.175419091
ma-934a57,LiI,0.175931442
ma-2bc7ba,KBr,0.176190292
ma-df5312,LiBr,0.177549057
ma-6dce40,LiBr,0.179613107
ma-17ea66,LiBr,0.180720439
ma-b74fb3,LiBr,0.181853048
ma-ad2997,LiBr,0.183236152
ma-8064dc,LiBr,0.186505968
ma-99e0de,LiBr,0.188239578
ma-c122a8,LiBr,0.188914939
ma-ac693a,KI,0.191848313
ma-a81c51,LiBr,0.196068303
ma-8fbff8,LiBr,0.197167875
ma-dd6d1d,LiBr,0.197733096
ma-a2dbfb,LiBr,0.198148479
ma-dee7b5,NaI,0.19823286
ma-b34610,NaI,0.199027927
ma-5ca19d,LiBr,0.199826667
ma-264dac,NaI,0.20116376
ma-15148f,NaBr,0.203913271
ma-28f2f9,KI,0.20619592
ma-1e6b6c,KI,0.207169921
ma-6c0c81,LiI,0.210756241
ma-c40510,LiBr,0.211870777
ma-09e6bf,NaI,0.216829325
ma-43192b,NaI,0.217472254
ma-d66b97,LiBr,0.220898291
ma-5cdbe8,KBr,0.222774176
ma-bef2b3,LiBr,0.223881653
ma-3d62a1,LiBr,0.231575378
ma-875fb2,LiI,0.233951299
ma-45aee1,NaI,0.235372264
ma-4413d3,NaBr,0.238119642
ma-9d702e,LiI,0.240336486
ma-acd83a,LiBr,0.248954534
ma-bf6d95,LiI,0.251990794
ma-6acebc,NaI,0.254869821
ma-59e333,NaI,0.260450921
ma-87ee53,NaI,0.261124301
ma-46dde0,NaI,0.262126832
ma-6952ad,LiBr,0.273215861
ma-280878,LiI,0.289190845
ma-69a222,LiBr,0.299278362
ma-5e1d4e,NaBr,0.300007424
ma-87b686,NaI,0.309558137
ma-a77546,LiBr,0.319865953
ma-1c05e3,LiBr,0.320906848
ma-1b58eb,KBr,0.321306153
ma-cd8cf8,LiI,0.329488873
ma-46aab0,Na2O2,0.337938921
ma-939bbb,Na2O2,0.341346588
ma-c4a85c,Na2O2,0.342432495
ma-046ddc,Na2O2,0.343807941
ma-fb2c62,LiBr,0.345761004
ma-a92c18,Na2O2,0.347118113
ma-457d49,KI,0.351384098
ma-5abf3d,Na2O2,0.351440977
ma-b14990,Na2O2,0.35307146
ma-5728b7,Na2O2,0.353709572
ma-a3a902,Na2O2,0.370783126
ma-af182d,LiI,0.392644346
ma-08f499,Na2O2,0.399063994
ma-0566d1,KS,0.412687332
ma-e72330,KS,0.412831615
ma-7ae263,K2O2,0.444087461
ma-a97741,KC8,1.521531062
