ma_id,Eh
ma-724984,-0.132275849
ma-66ef6d,-0.051926392
ma-56eae4,0.000196362
ma-694dc7,0.013570731
ma-c3b863,0.014462809
ma-d2352a,0.017973239
ma-f3fcaf,0.024189262
ma-1da25e,0.025040256
ma-d889e9,0.031693456
ma-a18fc2,0.032854451
ma-e7729b,0.033088363
ma-b530e2,0.033593739
ma-d250e1,0.034998361
ma-69b316,0.036914268
ma-e932ec,0.038310077
ma-e8f08e,0.041853429
ma-9cb016,0.045167577
ma-56cabb,0.046137814
ma-0d07eb,0.048683676
ma-7512d0,0.049926902
ma-34a3a9,0.050861078
ma-a9f4e0,0.050863525
ma-298875,0.053018032
ma-c4a7a5,0.053790335
ma-f9fbce,0.055242261
ma-d03eb0,0.055847595
ma-15804b,0.055887294
ma-9e4684,0.056674725
ma-06c285,0.059318723
ma-051408,0.059714832
ma-1edccd,0.059763228
ma-d3ddf8,0.060172493
ma-92b95b,0.060866336
ma-2f2c4f,0.061399174
ma-2900dc,0.061854248
ma-7193e9,0.062539494
ma-2358b9,0.062742995
ma-fa29ac,0.063249136
ma-772ea2,0.063419439
ma-02cb68,0.064899474
ma-7f2ac2,0.066715349
ma-f5aa70,0.06910536
ma-636f0a,0.07019753
ma-bef48d,0.071093532
ma-67ed4c,0.073120108
ma-6f15a0,0.074067463
ma-082b01,0.07518171
ma-ccab94,0.076262742
ma-040b33,0.078038596
ma-f64c17,0.078391533
ma-9fa271,0.078832299
ma-9a94fc,0.078927375
ma-dce362,0.079744491
ma-054552,0.079800707
ma-e0a342,0.079832287
ma-68a928,0.079836838
ma-5672ac,0.079994475
ma-72e712,0.080048721
ma-fa7092,0.080088146
ma-1ae21b,0.082391664
ma-bc9a29,0.083299657
ma-dd9c07,0.08452988
ma-54067b,0.084761379
ma-fb9320,0.085702788
ma-4e0690,0.085795851
ma-c6f554,0.085974184
ma-f74cc1,0.085979681
ma-8a6d15,0.086275209
ma-7948f9,0.086764377
ma-254028,0.087103013
ma-55a39c,0.089197465
ma-127de4,0.089826067
ma-01e933,0.090917558
ma-0e8344,0.090999696
ma-c571d7,0.091149606
ma-d6ce8c,0.092677197
ma-fdd253,0.093275835
ma-6c0d07,0.093430886
ma-524c36,0.094596034
ma-475c02,0.094645979
ma-ed8a2c,0.094772644
ma-8266f1,0.094912623
ma-7702d0,0.095158034
ma-e9754b,0.095183121
ma-81c789,0.097894977
ma-b64291,0.098227516
ma-3b6f9d,0.099218183
ma-88fadf,0.099504284
ma-2b2ef6,0.099665743
ma-0db2ce,0.10046175
ma-e1b565,0.100528732
ma-b99120,0.100597968
ma-2c2516,0.101039175
ma-fb5de1,0.101838794
ma-6c2fd2,0.102293105
ma-ece3b9,0.104414745
ma-6faf40,0.104654719
ma-c93e5d,0.104759078
ma-74c50b,0.105348044
ma-d51529,0.106227878
ma-94c8ba,0.106761636
ma-f202f5,0.107490727
ma-e8166e,0.108475093
ma-546ee4,0.108571297
ma-772357,0.108664483
ma-897fb1,0.10939206
ma-4edde0,0.110073664
ma-e7ddca,0.111018828
ma-e5e5b7,0.111216876
ma-33e87c,0.111725193
ma-60f5a3,0.112035901
ma-e8cd6e,0.113122102
ma-e2ff91,0.113373985
ma-24cd22,0.113455111
ma-4b8d25,0.114146795
ma-3e8060,0.114339725
ma-b47263,0.114542561
ma-bbded6,0.115841606
ma-a929a1,0.116412984
ma-1e96b7,0.11665606
ma-bd3f39,0.116924507
ma-9ee0e9,0.117720543
ma-401379,0.118303366
ma-6b2efd,0.118731715
ma-8fd1bf,0.11980952
ma-44a141,0.120016245
ma-446c52,0.120589797
ma-88b190,0.121268927
ma-816451,0.121986669
ma-9dcf9c,0.122590774
ma-e74c2e,0.122703993
ma-a91f84,0.123059487
ma-7650c7,0.123185498
ma-12916c,0.123376675
ma-db1781,0.123627462
ma-46e6ec,0.123720005
ma-84f4da,0.123915234
ma-fc0f96,0.124150047
ma-53d451,0.124315576
ma-f41e7f,0.124346694
ma-5a28d7,0.124549504
ma-0144e2,0.124950046
ma-21f273,0.125779816
ma-f7cb42,0.126481063
ma-366bf7,0.127268388
ma-aeafcb,0.128003619
ma-74d195,0.128448329
ma-e44385,0.129965655
ma-03ce1b,0.130034183
ma-b023ec,0.130036479
ma-307f4b,0.130181376
ma-13f593,0.130701147
ma-df9a1a,0.130742689
ma-d165bf,0.130976485
ma-175557,0.134183736
ma-f92f74,0.135015475
ma-2aa5aa,0.135182078
ma-384d84,0.135679751
ma-4a5347,0.135742019
ma-7131bc,0.136388411
ma-1b8341,0.136745459
ma-d82e1f,0.13679881
ma-a8a633,0.13693659
ma-f589b2,0.137419347
ma-2a478f,0.137704585
ma-fd0927,0.138011518
ma-6bfbdd,0.138013387
ma-aa3a01,0.138578356
ma-3a948d,0.138603436
ma-22378c,0.1390396
ma-5d225f,0.139839248
ma-b8a733,0.13987752
ma-8f8e76,0.140627801
ma-067a4e,0.140876062
ma-289add,0.140913313
ma-c331c2,0.1420638
ma-eedff4,0.142350628
ma-9afcb1,0.143123202
ma-1dd5dd,0.143615587
ma-8ab57f,0.144873518
ma-93a531,0.145351417
ma-0f586b,0.146243403
ma-8424ca,0.146526343
ma-c03a3b,0.147949522
ma-4292ef,0.149556137
ma-835d06,0.149706861
ma-5c041b,0.150246273
ma-44570e,0.150378886
ma-4d4388,0.150631698
ma-7a9753,0.150745903
ma-abbe11,0.150813589
ma-f5c971,0.151032569
ma-3b6840,0.151397535
ma-2036c6,0.151859702
ma-104f95,0.152249563
ma-aa7bbe,0.153096027
ma-d031e6,0.153239711
ma-262c08,0.153560623
ma-a28133,0.154217699
ma-e6de54,0.154299654
ma-7d57e2,0.15438375
ma-21e446,0.155299165
ma-d0e093,0.156142811
ma-1242f1,0.156312622
ma-e8f212,0.157188426
ma-ca8f4f,0.157563118
ma-a757d9,0.158453079
ma-64aa9c,0.158999986
ma-3a54f6,0.159119971
ma-250761,0.159609591
ma-3f6e88,0.1600518
ma-23b73c,0.161303295
ma-cf32f7,0.162037437
ma-59a0ea,0.163910899
ma-d48d3c,0.164898671
ma-92d5b2,0.165076521
ma-72c007,0.165320813
ma-0c0c0f,0.165837921
ma-f53443,0.166226018
ma-027504,0.166260932
ma-84c125,0.166821977
ma-bf838e,0.167560737
ma-c9a0b8,0.16822767
ma-bdeeee,0.168660398
ma-2fbc07,0.169264839
ma-8585d8,0.169439412
ma-693fdb,0.169444225
ma-65cdf4,0.169839547
ma-3e360f,0.170023164
ma-8941e1,0.170621066
ma-54e5bb,0.170996941
ma-fe4ace,0.172367514
ma-0d45fc,0.172837389
ma-4225d9,0.173789393
ma-bd5b17,0.174230588
ma-6bb8a7,0.174522663
ma-718e75,0.174940407
ma-d074c9,0.175604773
ma-561db3,0.177244822
ma-02782f,0.177359737
ma-9e33e1,0.177557572
ma-0b87ba,0.178810474
ma-4f703f,0.180011168
ma-80dd4c,0.181504215
ma-bf657c,0.181725336
ma-473115,0.183591526
ma-7cb9ae,0.184075699
ma-a87aa6,0.184813343
ma-c7da92,0.185229752
ma-49bc76,0.185634218
ma-8bb70c,0.185825907
ma-8745f4,0.18593548
ma-1a1815,0.187405836
ma-ee51bd,0.187428685
ma-146828,0.188222366
ma-7e17b3,0.1883142
ma-e33b18,0.190065554
ma-69a2fd,0.190971992
ma-27f188,0.191261288
ma-1e18a1,0.191441949
ma-5f6bbf,0.191546529
ma-567a36,0.192338691
ma-89aca1,0.19236165
ma-5df116,0.193189771
ma-60ef88,0.193363492
ma-9d35cf,0.194416431
ma-31acef,0.195173024
ma-81cbe7,0.195888309
ma-c1427a,0.196063905
ma-aaf1aa,0.196093425
ma-829be5,0.196709414
ma-691a81,0.197220722
ma-23ef2e,0.198058789
ma-484c4f,0.19841413
ma-1203be,0.199907234
ma-46ebe4,0.200082644
ma-71ce0a,0.200090876
ma-b8be96,0.20040982
ma-b1a6d3,0.200450563
ma-c0b376,0.201011975
ma-2c08ba,0.201216953
ma-259402,0.20148181
ma-e026c1,0.202001803
ma-c54a6f,0.2031
ma-d3bbfe,0.203256132
ma-2d210c,0.203568494
ma-431417,0.20363369
ma-d6a111,0.204945854
ma-a1e225,0.205383338
ma-1dabc5,0.205403134
ma-d27249,0.206162862
ma-ccf1f8,0.206177267
ma-df6bdd,0.206354262
ma-da8a4a,0.207665343
ma-a34308,0.207743298
ma-d1a463,0.207826025
ma-b01552,0.208850387
ma-01047d,0.208989106
ma-91be3c,0.209333724
ma-41ffa8,0.210231698
ma-018767,0.211347847
ma-143bba,0.211524274
ma-dd5b1e,0.213122319
ma-b2336b,0.213602503
ma-80c4f9,0.214010941
ma-abcc30,0.214485859
ma-4f85ce,0.215109057
ma-ccce97,0.215723986
ma-db0481,0.216162746
ma-545bf8,0.216638156
ma-0867e7,0.218014732
ma-02d448,0.218617106
ma-7df42e,0.219303536
ma-8f72d1,0.219508939
ma-3eb5d0,0.219937044
ma-090e64,0.220236824
ma-039f53,0.220365603
ma-270d3b,0.220500505
ma-e0b6b1,0.220760827
ma-8ff546,0.220998672
ma-732361,0.221382947
ma-e9dee3,0.221824629
ma-2c139b,0.221885198
ma-2ca8aa,0.222562024
ma-c50b9d,0.223446728
ma-74cc7e,0.224776688
ma-7551f2,0.225182278
ma-43b74b,0.225927159
ma-d11271,0.226007914
ma-6a40cb,0.226204194
ma-6dd697,0.227401262
ma-1a218a,0.228154235
ma-6a2212,0.2281935
ma-00866e,0.229654118
ma-c077e3,0.230049588
ma-b62edb,0.230103548
ma-a33159,0.230639496
ma-9f66c1,0.231092432
ma-9a4ba1,0.231131356
ma-07f556,0.231164569
ma-f9835e,0.231210763
ma-396a37,0.23145073
ma-0de7f8,0.231797542
ma-6e301b,0.232472261
ma-1849fd,0.232487434
ma-85bd56,0.233922635
ma-e1021d,0.234662199
ma-a3f7ad,0.234761808
ma-33e0e8,0.234945936
ma-23548e,0.235099326
ma-e90cbd,0.235462709
ma-06a643,0.236153068
ma-f486ea,0.236546081
ma-f7ac89,0.237014885
ma-d9d8c6,0.23784172
ma-d29ad8,0.238819494
ma-573add,0.239046653
ma-25064d,0.240039614
ma-383441,0.240326388
ma-4d010d,0.241282628
ma-62709b,0.242559846
ma-fe33b0,0.242684379
ma-445d61,0.243257479
ma-a67eee,0.243554743
ma-4e7292,0.244074957
ma-3e9ad2,0.245328816
ma-f92b11,0.245465327
ma-9be4ca,0.245855444
ma-0ddeca,0.247953746
ma-63ef93,0.248030434
ma-a356f9,0.248040214
ma-a75253,0.248411073
ma-d74414,0.24863484
ma-7b12cf,0.248770088
ma-182b61,0.249645401
ma-58bd90,0.250836271
ma-1d3bd1,0.251301591
ma-a7238f,0.251839565
ma-a0b1df,0.252903019
ma-15d2a0,0.255512011
ma-224c67,0.255554685
ma-cf33c8,0.258662492
ma-639e38,0.259402777
ma-8e92ae,0.259621744
ma-a7f628,0.260771941
ma-0ef57d,0.260943689
ma-364bcc,0.261385761
ma-d44aff,0.261813109
ma-e1af8c,0.261962634
ma-a17729,0.261989218
ma-72fe6f,0.26218099
ma-9c216c,0.262522025
ma-7a084e,0.262874467
ma-99164f,0.263012731
ma-9a90ff,0.264264097
ma-0d2dbc,0.264859423
ma-ccf273,0.266125775
ma-d4493c,0.266718543
ma-00e66c,0.267831607
ma-844dff,0.268009855
ma-7648d0,0.268735573
ma-768fdc,0.268746591
ma-df6001,0.268773867
ma-aca91e,0.269095283
ma-6c3bf5,0.269137025
ma-132e15,0.270462068
ma-5d1fee,0.270510768
ma-7900c0,0.271340724
ma-e614bb,0.273601932
ma-90c6f0,0.273740574
ma-c3fb3b,0.274717949
ma-75c0bb,0.275075765
ma-9889ba,0.276327892
ma-a1a51c,0.276683088
ma-a0aceb,0.27721369
ma-7212b5,0.277758622
ma-13aa27,0.27816511
ma-aa770e,0.27937979
ma-74d911,0.279564968
ma-dd9091,0.279585421
ma-3dd563,0.280949677
ma-f7856d,0.281101118
ma-6cf71f,0.2820839
ma-48699c,0.282097283
ma-d0def3,0.284026872
ma-064ad3,0.284040895
ma-88eabb,0.284055588
ma-029b23,0.284794619
ma-c49cec,0.285438386
ma-e5a4ed,0.285687295
ma-51c828,0.28576206
ma-76fa60,0.286192903
ma-556240,0.286499678
ma-536157,0.287088285
ma-9a213b,0.287419841
ma-b7928f,0.287878341
ma-3a3d70,0.288207751
ma-97208e,0.288275042
ma-86054f,0.288317643
ma-97a971,0.289742505
ma-257bd0,0.291192984
ma-cc2b6a,0.292787097
ma-f6e9f9,0.292963755
ma-3b9963,0.293121783
ma-2f6695,0.293594429
ma-d553c1,0.293873505
ma-26d91c,0.294275462
ma-c24c59,0.294785424
ma-f67e5f,0.294899336
ma-2e47e8,0.296020705
ma-60731b,0.296393858
ma-2fff2d,0.297788014
ma-7bdb9e,0.297880759
ma-b20290,0.299631141
ma-b59202,0.302141505
ma-c47191,0.302362708
ma-addf0d,0.302513957
ma-b516ba,0.303773117
ma-d1cdaa,0.303911509
ma-0ed392,0.307841794
ma-8f29e7,0.307953563
ma-8f0f86,0.308797078
ma-17fa0d,0.310439238
ma-0fd2b2,0.311763884
ma-c1ae78,0.3125827
ma-baefe8,0.312751112
ma-ba56cf,0.313159378
ma-37f556,0.313606782
ma-02daa2,0.314177679
ma-6f3001,0.31569175
ma-803b47,0.316518856
ma-1dd297,0.316715363
ma-ee9f28,0.318314513
ma-ce037c,0.318370069
ma-80ce09,0.318593431
ma-621c4a,0.319200287
ma-1266e9,0.319278601
ma-4a4791,0.31985135
ma-25213c,0.320168885
ma-bc377f,0.32031491
ma-0f96fe,0.321388141
ma-d287f2,0.32154878
ma-f325c5,0.322283885
ma-dcc42b,0.322957286
ma-ec0e34,0.323162363
ma-b19821,0.325121892
ma-394e88,0.326263851
ma-04a1e6,0.326475764
ma-ca195b,0.326557378
ma-9c5e93,0.328065304
ma-4fb1ef,0.330403819
ma-d8626d,0.330895774
ma-1bef3d,0.331421992
ma-dd15a0,0.331464145
ma-8caafa,0.331620274
ma-125e2f,0.332024922
ma-d961a4,0.332047747
ma-71b1da,0.332257759
ma-8c0253,0.332425391
ma-58b153,0.33330413
ma-bf158f,0.33352714
ma-1d15c4,0.334931392
ma-72f036,0.33693283
ma-4ee10f,0.337969594
ma-23c69c,0.338642538
ma-fdf4b2,0.339238651
ma-d22a64,0.340903913
ma-c68f06,0.34126971
ma-9edc30,0.34168534
ma-9963ed,0.343180872
ma-682d72,0.345091829
ma-7196ef,0.345522821
ma-7ea9d3,0.34600785
ma-fa6bff,0.347708456
ma-2a9c45,0.348208309
ma-d05f7a,0.3497601
ma-57e136,0.349984147
ma-45b5b6,0.350132061
ma-c8f51e,0.350444364
ma-063b44,0.353096355
ma-2616be,0.35329628
ma-bb895c,0.353523762
ma-59c685,0.35445993
ma-47d5d9,0.35503086
ma-8c5808,0.355186438
ma-0d7bbd,0.356016076
ma-e3afa0,0.357527424
ma-ca7bf1,0.358016528
ma-ed282a,0.358064314
ma-887987,0.358551173
ma-aff0c5,0.358694468
ma-8fee18,0.359424391
ma-47b031,0.359560514
ma-9cb51f,0.361482434
ma-de6e3d,0.361595709
ma-169240,0.362265602
ma-539011,0.36288376
ma-12e31a,0.36471939
ma-6086cd,0.365221263
ma-4c59b6,0.365629458
ma-43aadf,0.366028778
ma-9b5cae,0.366658324
ma-0ef7dc,0.367474577
ma-befbb4,0.36752754
ma-288c85,0.370120277
ma-96cadf,0.370699722
ma-5927fa,0.371325788
ma-67e77c,0.371476956
ma-24ec51,0.37369511
ma-411a31,0.375377146
ma-fe2463,0.377250686
ma-432db2,0.377661183
ma-e53053,0.37932243
ma-e79095,0.380294146
ma-39b7d2,0.380983148
ma-e1fab8,0.381586384
ma-7b3518,0.381784114
ma-b1c8b2,0.382257491
ma-4158fc,0.383136313
ma-912e22,0.385601328
ma-7b02f4,0.386562728
ma-1b08b8,0.386806132
ma-0d7882,0.387843198
ma-901606,0.389231227
ma-2cb5a7,0.390081932
ma-fcc114,0.390540805
ma-15ee1c,0.39103585
ma-adf234,0.396092985
ma-cca851,0.396495147
ma-e3ca2d,0.397410044
ma-2cfbca,0.397883018
ma-3741f3,0.398395518
ma-1e761c,0.398814876
ma-e10a90,0.400839077
ma-b5c66e,0.403703785
ma-c7f6be,0.405066367
ma-d5fc03,0.407219547
ma-bad8b7,0.407683249
ma-a484d3,0.408193966
ma-182ba3,0.408807543
ma-1317bc,0.410219405
ma-7ffed5,0.410311903
ma-5b43db,0.4116368
ma-dc0126,0.413662295
ma-966c61,0.413949171
ma-3ddfe4,0.41436328
ma-e6cdae,0.414572116
ma-17a5a0,0.415874833
ma-993cec,0.416212299
ma-1a5a0d,0.416632541
ma-2bdb5c,0.417404594
ma-636bc7,0.417607664
ma-68f5c3,0.4185623
ma-94d34b,0.418596785
ma-676f1e,0.419359929
ma-7e24dc,0.420276345
ma-c3e180,0.421826935
ma-4ef42e,0.422503016
ma-f77e64,0.422645536
ma-026792,0.422904864
ma-999fcb,0.422945124
ma-37d7ae,0.423509797
ma-275099,0.423544952
ma-cd1de0,0.423547975
ma-69aa15,0.423718263
ma-08a0e8,0.425995237
ma-55d5ab,0.426406505
ma-036ed1,0.427532526
ma-a3b374,0.428636659
ma-e793fe,0.429556347
ma-23ce5e,0.4319236
ma-9de240,0.432573373
ma-85f530,0.433667344
ma-76990f,0.433754129
ma-165833,0.434018182
ma-1b841e,0.435021197
ma-31bed7,0.435074717
ma-894b54,0.435092941
ma-111d7e,0.436591004
ma-57ca5f,0.441296031
ma-9fb861,0.442106868
ma-8a3cd3,0.44408207
ma-170b83,0.444969907
ma-6d0c1b,0.445401018
ma-c88a31,0.445487144
ma-151817,0.445503331
ma-dc070d,0.446647423
ma-1964a5,0.447230024
ma-6a3ce9,0.448538364
ma-92a3fb,0.450006162
ma-82bc63,0.450954597
ma-d0cb11,0.451479507
ma-11f1d7,0.451828242
ma-1e6600,0.452983427
ma-ddb424,0.455315562
ma-042f62,0.457369787
ma-6b5f75,0.462104659
ma-156ce2,0.462545421
ma-fd16f5,0.463260962
ma-e17ef0,0.46363347
ma-444384,0.463876584
ma-c4482b,0.465024667
ma-558206,0.465692116
ma-1df59a,0.466397994
ma-34105f,0.466620133
ma-73b828,0.467616296
ma-3b0433,0.467760568
ma-7cbe72,0.467944398
ma-1116e3,0.468105762
ma-bda415,0.472830163
ma-d059de,0.474909914
ma-59194f,0.47608041
ma-bee3ea,0.476864033
ma-407139,0.476916953
ma-c4a8fc,0.476996327
ma-b300a3,0.477946562
ma-a3a633,0.478117535
ma-a7f421,0.47960763
ma-426123,0.482265635
ma-29c853,0.483003625
ma-d8d3ec,0.483293246
ma-57d60b,0.484133779
ma-1eaf1b,0.484188037
ma-adb0b5,0.487171005
ma-760eab,0.488452835
ma-6856aa,0.488531591
ma-9a4a5d,0.490499579
ma-9e7f95,0.492221043
ma-60738d,0.493447402
ma-b228b8,0.49347946
ma-c7a599,0.493725536
ma-422250,0.493815327
ma-e77564,0.496067806
ma-0cd292,0.496482264
ma-2f3036,0.496716971
ma-f51cf1,0.49737291
ma-2a079b,0.499123956
ma-5c637a,0.500846606
ma-89a41e,0.501857274
ma-380914,0.502131046
ma-2245e9,0.50283917
ma-84453f,0.504074741
ma-c3dc80,0.510166011
ma-b143cd,0.5121174
ma-f3accb,0.512826216
ma-21c656,0.513335097
ma-c5c9d5,0.514890027
ma-8261e6,0.517022353
ma-dfabf7,0.519211975
ma-086874,0.519894915
ma-4386d4,0.520060853
ma-bd95fe,0.52072026
ma-e502e8,0.523407661
ma-8f8707,0.526469375
ma-add716,0.527263909
ma-7ff2bd,0.527638604
ma-c6f27e,0.528342526
ma-6131b3,0.528634422
ma-a1d861,0.528890936
ma-aefa7a,0.531189168
ma-831194,0.532684346
ma-2148de,0.532868503
ma-27cfb0,0.534908513
ma-976551,0.53615473
ma-6be530,0.536571567
ma-ec7f6b,0.538208759
ma-8e99dd,0.539875381
ma-999671,0.542844712
ma-9584a3,0.543586244
ma-8e3e09,0.547493707
ma-1fe03b,0.552273614
ma-bc3442,0.553483175
ma-888c89,0.553619507
ma-5b6ef3,0.554255844
ma-76a280,0.555022201
ma-7096f8,0.555277909
ma-b50079,0.556231696
ma-b99de7,0.556493206
ma-ca8b6b,0.557426168
ma-457ffe,0.559850221
ma-43d45c,0.560303079
ma-550f1b,0.561437239
ma-83c212,0.562744885
ma-6896bd,0.562844125
ma-9c2a24,0.565142788
ma-35c025,0.565593749
ma-b2d807,0.567627509
ma-ecfbf7,0.568503827
ma-fa9186,0.569322459
ma-1b52c8,0.570327943
ma-4194e8,0.573931141
ma-717081,0.575135197
ma-68b29e,0.575519006
ma-580cbd,0.576230651
ma-5a4864,0.577329559
ma-c8d753,0.579305206
ma-20de39,0.57983823
ma-74e59e,0.579852798
ma-184b8f,0.581735084
ma-4287bf,0.582619309
ma-88fb9e,0.582678625
ma-c4c1cf,0.583034159
ma-ce92e8,0.583983771
ma-d2d174,0.584221496
ma-8c3465,0.585614403
ma-f78305,0.586733125
ma-9b9ea7,0.587559386
ma-76ca00,0.59175955
ma-6934c9,0.596088396
ma-c3b47c,0.597365431
ma-ba296e,0.599307647
ma-4bfae4,0.601908305
ma-d44bba,0.602001021
ma-f57865,0.604226659
ma-431db3,0.611090671
ma-5e19d1,0.613558993
ma-421d88,0.614705526
ma-c2caac,0.615263506
ma-6120c2,0.616874683
ma-4f2753,0.617532092
ma-3115b8,0.617646199
ma-7db2c7,0.617765536
ma-348d56,0.621402776
ma-3a6c8c,0.622163865
ma-924828,0.623109314
ma-7dc696,0.62460952
ma-53c41f,0.625213893
ma-4f9cb9,0.629225675
ma-073898,0.629653599
ma-49209a,0.632559694
ma-bb459f,0.633077086
ma-427d83,0.634345996
ma-101f36,0.635844746
ma-e4f224,0.635970709
ma-1acef6,0.638051148
ma-12b38c,0.642475077
ma-145168,0.643626821
ma-1805dc,0.644114545
ma-061fb4,0.644787535
ma-d10c7a,0.647208211
ma-60fa1c,0.649425983
ma-8ee443,0.652281475
ma-c6fc2d,0.65291084
ma-78f550,0.654442114
ma-2b4fed,0.654584711
ma-ecbe43,0.656873725
ma-675f7e,0.659959378
ma-e692c3,0.660213128
ma-da8fc1,0.661006839
ma-c1f5b9,0.663565654
ma-e7307b,0.664330219
ma-6062d9,0.669113738
ma-3920b3,0.672211318
ma-02a2a1,0.67289774
ma-99f020,0.674585381
ma-b16dad,0.67534738
ma-90a021,0.676407668
ma-0342a6,0.677262751
ma-6327e3,0.677716035
ma-59019b,0.678921764
ma-5c84b4,0.689556439
ma-9b3e53,0.690837827
ma-3efdbd,0.691172603
ma-d31599,0.691425725
ma-4e7336,0.692634759
ma-62311f,0.693083987
ma-06ed8a,0.696494406
ma-d6afc2,0.704006482
ma-f80b14,0.704500076
ma-89f21f,0.705295198
ma-ddaee3,0.705898247
ma-03933a,0.707189075
ma-e69de1,0.711461563
ma-55b1d5,0.712925525
ma-0ad158,0.713496168
ma-f1bb0c,0.716795634
ma-50bc79,0.718426071
ma-c6b1ae,0.719009551
ma-ec144d,0.721855672
ma-3db452,0.725504336
ma-4d13fc,0.726722417
ma-f6cf16,0.728040161
ma-4e62ab,0.730560476
ma-677bb8,0.733109434
ma-f9870d,0.738128087
ma-97d0e9,0.739111697
ma-2d70ba,0.740096628
ma-1c9100,0.740725142
ma-eb59cf,0.743613526
ma-46d1ea,0.748199539
ma-ca5958,0.748249333
ma-5f88d7,0.750855382
ma-d76972,0.755730886
ma-3c1e23,0.758185861
ma-87da8b,0.759101681
ma-ec73dd,0.759767415
ma-51635a,0.760498273
ma-ed44b6,0.765367786
ma-fde535,0.768200902
ma-8c801b,0.768753142
ma-5371aa,0.771889223
ma-ad174f,0.771926427
ma-31c2a9,0.775603629
ma-5d44fa,0.778634679
ma-9363c7,0.7790685
ma-c368f5,0.781085292
ma-277f7f,0.782629608
ma-70b4b3,0.785369896
ma-a07830,0.788209045
ma-6c7a19,0.789910101
ma-a91e08,0.79144024
ma-5d5cca,0.793181937
ma-9cd93d,0.794414948
ma-18713c,0.796739675
ma-d60c23,0.79806201
ma-ecf92f,0.80050113
ma-6843e4,0.800628084
ma-c4654e,0.800987518
ma-fbd385,0.801477183
ma-9465c3,0.804492405
ma-781d36,0.80513928
ma-246910,0.813782774
ma-7a94f2,0.814279546
ma-53c771,0.814782681
ma-0cc2c2,0.816980947
ma-395484,0.821771326
ma-2a6f69,0.823091711
ma-e2f662,0.833649678
ma-e7083a,0.835848503
ma-72f861,0.838876675
ma-b43672,0.838941586
ma-b3f1cc,0.842863688
ma-da39bf,0.850539405
ma-cf6f41,0.850649018
ma-e855a9,0.852998213
ma-7263be,0.861083886
ma-a53ee5,0.867267918
ma-70df38,0.867528318
ma-fad0ba,0.867814034
ma-4ca1a3,0.873342441
ma-391326,0.879361325
ma-af9b84,0.881002278
ma-1b361b,0.881805389
ma-64d5cc,0.888469906
ma-965c32,0.888727463
ma-a29d80,0.890287363
ma-ac67a9,0.893508491
ma-3e8b8c,0.893636679
ma-fc5456,0.895489244
ma-ce10e1,0.896566821
ma-1b33db,0.897054767
ma-1e1c0a,0.90029169
ma-f7db96,0.903782421
ma-a5c06f,0.903996124
ma-d33106,0.906248716
ma-e1096d,0.911706308
ma-f29084,0.91362305
ma-b9fa4c,0.915794876
ma-18c2b2,0.92195878
ma-57b4b0,0.924432963
ma-b98e3b,0.92546094
ma-434efd,0.927230937
ma-8eda82,0.938278124
ma-6f26f9,0.941986934
ma-14a87a,0.942926063
ma-bd6733,0.943878111
ma-bde33b,0.947669192
ma-c369ba,0.960607004
ma-db4c80,0.969260932
ma-857387,0.979539388
ma-f8c6e0,0.98627878
ma-e2febc,0.988647798
ma-cc3543,0.999474252
ma-7a6b21,1.001902081
ma-f5ff52,1.007587242
ma-c85b70,1.010006021
ma-86c599,1.014857787
ma-3db0a0,1.016861293
ma-60bb88,1.02173856
ma-d206aa,1.022977997
ma-3924cc,1.041402996
ma-843e29,1.042841359
ma-38f7c1,1.046726275
ma-6eb1c7,1.051517393
ma-eb0764,1.054631514
ma-ce9ce8,1.055477726
ma-4cf82e,1.066759266
ma-6d3fa4,1.070928138
ma-35e914,1.071476209
ma-080d4a,1.072216454
ma-41659d,1.082822887
ma-68fb5c,1.085306864
ma-eebbc0,1.087345595
ma-f0a31c,1.098130963
ma-71cc76,1.098244284
ma-a3848a,1.125103585
ma-d80ecd,1.137352533
ma-c1ca09,1.141151413
ma-22057e,1.14695731
ma-fb8f38,1.149362805
ma-75e0ed,1.149642695
ma-20fd9d,1.150722017
ma-6f6d99,1.151345551
ma-a2e686,1.152455969
ma-61c5b6,1.165320203
ma-76eb2c,1.166856602
ma-084809,1.180978658
ma-5e74a1,1.192367222
ma-c790d5,1.193838556
ma-9d6fa0,1.193910505
ma-c13f0b,1.20789255
ma-934ea2,1.208457929
ma-4ca7f9,1.218377604
ma-948bfc,1.218608974
ma-d1e194,1.220161258
ma-0eb96b,1.220569011
ma-09ffc4,1.225762759
ma-1e4da8,1.226408128
ma-bfd31c,1.230021136
ma-b4fc34,1.23176053
ma-0cd202,1.23244836
ma-0b325f,1.244544255
ma-3a545c,1.245362458
ma-9e6c0d,1.272190167
ma-c60cb3,1.292058215
ma-88f288,1.303095074
ma-f451fc,1.317955299
ma-ff5e0d,1.321874372
ma-97fd76,1.3385437
ma-38e483,1.348505101
ma-596ea5,1.348908169
ma-56e5d6,1.367268009
ma-71c8ce,1.369711471
ma-06763a,1.376218671
ma-e8b4ce,1.388165184
ma-8deddb,1.390017963
ma-f5609c,1.391087316
ma-bf1d8a,1.40596803
ma-30d3a9,1.412142014
ma-cb1dcf,1.425222519
ma-d08c3e,1.431328381
ma-e2ea60,1.4527517
ma-0c673b,1.459497037
ma-fc2eab,1.466929085
ma-228f74,1.470244554
ma-185eb6,1.48321356
ma-25fc98,1.496256594
ma-28dbf4,1.50453306
ma-575b54,1.553423491
ma-41df54,1.559362942
ma-c79991,1.5615182
ma-6f5773,1.5670567
ma-0b0a14,1.60518441
ma-7352db,1.650096142
ma-a3a6d8,1.666811377
ma-33bd67,1.699639448
ma-975f36,1.706666966
ma-87a629,1.712403398
ma-51752d,1.71882922
ma-221da8,1.725599605
ma-f4bda7,1.746207688
ma-96fa3d,1.771798509
ma-7f99d7,1.796938209
ma-ae5a19,1.846715109
ma-71c87a,1.857278962
ma-ef7ac4,1.857749203
ma-79a79e,1.890924804
ma-a67307,1.93996443
ma-7d1f8b,1.957146974
ma-4c1cc5,1.992758805
ma-10091b,2.126857118
ma-9735fb,2.160963047
ma-066a53,2.321656401
ma-da30fa,2.342185299
ma-fcba6b,2.378509291
ma-5b694a,2.408612882
ma-0a24aa,2.596102705
ma-ad5c18,2.705521619
ma-3ab551,2.737636928
ma-851762,2.758521479
ma-958794,2.80724148
ma-f56c0a,3.203611619
